<?xml version="1.0" encoding="UTF-8"?>
<!DOCTYPE NmLoader
  SYSTEM "standardX26.dtd">
<NmLoader>
   <csvBeginBaseDefsRbInfos handler="com.ptc.core.lwc.server.BaseDefinitionLoader.beginProcessRbInfos"/>
   <csvBeginPropertyDefView handler="com.ptc.core.lwc.server.BaseDefinitionLoader.beginProcessPropertyDefinition">
      <csvname>displayName</csvname>
      <csvholderClass>com.ptc.core.lwc.server.LWCPropertyDefinition</csvholderClass>
      <csvdatatype>java.lang.String</csvdatatype>
      <csvsortOrder>100</csvsortOrder>
      <csvinherited>false</csvinherited>
      <csvcontentHolder>false</csvcontentHolder>
      <csvlegalFileTypeList/>
      <csvoverridable>false</csvoverridable>
      <csvlocalizable>true</csvlocalizable>
      <csvdatatypeAppliedTo/>
      <csvhidden>false</csvhidden>
      <csvreadOnly>false</csvreadOnly>
      <csvminValue/>
      <csvmaxValue/>
      <csvmaxLength/>
      <csvpattern/>
      <csvenumDef/>
      <csvtargetRoot/>
   </csvBeginPropertyDefView>
   <csvEndPropertyDefView handler="com.ptc.core.lwc.server.BaseDefinitionLoader.endProcessPropertyDefinition"/>
   <csvBeginPropertyDefView handler="com.ptc.core.lwc.server.BaseDefinitionLoader.beginProcessPropertyDefinition">
      <csvname>description</csvname>
      <csvholderClass>com.ptc.core.lwc.server.LWCPropertyDefinition</csvholderClass>
      <csvdatatype>java.lang.String</csvdatatype>
      <csvsortOrder>200</csvsortOrder>
      <csvinherited>false</csvinherited>
      <csvcontentHolder>false</csvcontentHolder>
      <csvlegalFileTypeList/>
      <csvoverridable>false</csvoverridable>
      <csvlocalizable>true</csvlocalizable>
      <csvdatatypeAppliedTo/>
      <csvhidden>false</csvhidden>
      <csvreadOnly>false</csvreadOnly>
      <csvminValue/>
      <csvmaxValue/>
      <csvmaxLength/>
      <csvpattern/>
      <csvenumDef/>
      <csvtargetRoot/>
   </csvBeginPropertyDefView>
   <csvEndPropertyDefView handler="com.ptc.core.lwc.server.BaseDefinitionLoader.endProcessPropertyDefinition"/>
   <csvBeginPropertyDefView handler="com.ptc.core.lwc.server.BaseDefinitionLoader.beginProcessPropertyDefinition">
      <csvname>tooltip</csvname>
      <csvholderClass>com.ptc.core.lwc.server.LWCPropertyDefinition</csvholderClass>
      <csvdatatype>java.lang.String</csvdatatype>
      <csvsortOrder>300</csvsortOrder>
      <csvinherited>false</csvinherited>
      <csvcontentHolder>false</csvcontentHolder>
      <csvlegalFileTypeList/>
      <csvoverridable>false</csvoverridable>
      <csvlocalizable>true</csvlocalizable>
      <csvdatatypeAppliedTo/>
      <csvhidden>true</csvhidden>
      <csvreadOnly>false</csvreadOnly>
      <csvminValue/>
      <csvmaxValue/>
      <csvmaxLength/>
      <csvpattern/>
      <csvenumDef/>
      <csvtargetRoot/>
   </csvBeginPropertyDefView>
   <csvEndPropertyDefView handler="com.ptc.core.lwc.server.BaseDefinitionLoader.endProcessPropertyDefinition"/>
   <csvBeginPropertyDefView handler="com.ptc.core.lwc.server.BaseDefinitionLoader.beginProcessPropertyDefinition">
      <csvname>required</csvname>
      <csvholderClass>com.ptc.core.lwc.server.LWCPropertyDefinition</csvholderClass>
      <csvdatatype>java.lang.Boolean</csvdatatype>
      <csvsortOrder/>
      <csvinherited>false</csvinherited>
      <csvcontentHolder>false</csvcontentHolder>
      <csvlegalFileTypeList/>
      <csvoverridable>false</csvoverridable>
      <csvlocalizable>false</csvlocalizable>
      <csvdatatypeAppliedTo/>
      <csvhidden>false</csvhidden>
      <csvreadOnly>false</csvreadOnly>
      <csvminValue/>
      <csvmaxValue/>
      <csvmaxLength/>
      <csvpattern/>
      <csvenumDef/>
      <csvtargetRoot/>
   </csvBeginPropertyDefView>
   <csvEndPropertyDefView handler="com.ptc.core.lwc.server.BaseDefinitionLoader.endProcessPropertyDefinition"/>
   <csvBeginPropertyDefView handler="com.ptc.core.lwc.server.BaseDefinitionLoader.beginProcessPropertyDefinition">
      <csvname>displayName</csvname>
      <csvholderClass>com.ptc.core.lwc.server.LWCEnumerationDefinition</csvholderClass>
      <csvdatatype>java.lang.String</csvdatatype>
      <csvsortOrder>100</csvsortOrder>
      <csvinherited>false</csvinherited>
      <csvcontentHolder>false</csvcontentHolder>
      <csvlegalFileTypeList/>
      <csvoverridable>false</csvoverridable>
      <csvlocalizable>true</csvlocalizable>
      <csvdatatypeAppliedTo/>
      <csvhidden>false</csvhidden>
      <csvreadOnly>false</csvreadOnly>
      <csvminValue/>
      <csvmaxValue/>
      <csvmaxLength/>
      <csvpattern/>
      <csvenumDef/>
      <csvtargetRoot/>
   </csvBeginPropertyDefView>
   <csvPropertyValue handler="com.ptc.core.lwc.server.BaseDefinitionLoader.processPropertyPropertyValue">
      <csvname>displayName</csvname>
      <csvisDefault>false</csvisDefault>
      <csvvalue>Display Name</csvvalue>
      <csvlocale_en_us>Display Name</csvlocale_en_us>
      <csvlocale_en_gb>Display Name</csvlocale_en_gb>
      <csvlocale_zh_cn>显示名称</csvlocale_zh_cn>
   </csvPropertyValue>
   <csvPropertyValue handler="com.ptc.core.lwc.server.BaseDefinitionLoader.processPropertyPropertyValue">
      <csvname>description</csvname>
      <csvisDefault>false</csvisDefault>
      <csvvalue>Display Name</csvvalue>
      <csvlocale_en_us>Display Name</csvlocale_en_us>
      <csvlocale_en_gb>Display Name</csvlocale_en_gb>
      <csvlocale_zh_cn>显示名称</csvlocale_zh_cn>
   </csvPropertyValue>
   <csvPropertyValue handler="com.ptc.core.lwc.server.BaseDefinitionLoader.processPropertyPropertyValue">
      <csvname>tooltip</csvname>
      <csvisDefault>false</csvisDefault>
      <csvvalue>Display Name</csvvalue>
      <csvlocale_en_us>Display Name</csvlocale_en_us>
      <csvlocale_en_gb>Display Name</csvlocale_en_gb>
      <csvlocale_zh_cn>显示名称</csvlocale_zh_cn>
   </csvPropertyValue>
   <csvPropertyValue handler="com.ptc.core.lwc.server.BaseDefinitionLoader.processPropertyPropertyValue">
      <csvname>required</csvname>
      <csvisDefault>false</csvisDefault>
      <csvvalue>false</csvvalue>
   </csvPropertyValue>
   <csvEndPropertyDefView handler="com.ptc.core.lwc.server.BaseDefinitionLoader.endProcessPropertyDefinition"/>
   <csvBeginPropertyDefView handler="com.ptc.core.lwc.server.BaseDefinitionLoader.beginProcessPropertyDefinition">
      <csvname>autoSort</csvname>
      <csvholderClass>com.ptc.core.lwc.server.LWCEnumerationDefinition</csvholderClass>
      <csvdatatype>java.lang.Boolean</csvdatatype>
      <csvsortOrder/>
      <csvinherited>true</csvinherited>
      <csvcontentHolder>false</csvcontentHolder>
      <csvlegalFileTypeList/>
      <csvoverridable>true</csvoverridable>
      <csvlocalizable>false</csvlocalizable>
      <csvdatatypeAppliedTo/>
      <csvhidden>true</csvhidden>
      <csvreadOnly>false</csvreadOnly>
      <csvminValue/>
      <csvmaxValue/>
      <csvmaxLength/>
      <csvpattern/>
      <csvenumDef/>
      <csvtargetRoot/>
   </csvBeginPropertyDefView>
   <csvPropertyValue handler="com.ptc.core.lwc.server.BaseDefinitionLoader.processPropertyDefaultValue">
      <csvname>autoSort</csvname>
      <csvisDefault>false</csvisDefault>
      <csvvalue>false</csvvalue>
   </csvPropertyValue>
   <csvPropertyValue handler="com.ptc.core.lwc.server.BaseDefinitionLoader.processPropertyPropertyValue">
      <csvname>displayName</csvname>
      <csvisDefault>false</csvisDefault>
      <csvvalue>Auto Sort</csvvalue>
      <csvlocale_en_us>Auto Sort</csvlocale_en_us>
      <csvlocale_en_gb>Auto Sort</csvlocale_en_gb>
      <csvlocale_zh_cn>自动排序</csvlocale_zh_cn>
   </csvPropertyValue>
   <csvPropertyValue handler="com.ptc.core.lwc.server.BaseDefinitionLoader.processPropertyPropertyValue">
      <csvname>description</csvname>
      <csvisDefault>false</csvisDefault>
      <csvvalue>Auto Sort</csvvalue>
      <csvlocale_en_us>Auto Sort</csvlocale_en_us>
      <csvlocale_en_gb>Auto Sort</csvlocale_en_gb>
      <csvlocale_zh_cn>自动排序</csvlocale_zh_cn>
   </csvPropertyValue>
   <csvPropertyValue handler="com.ptc.core.lwc.server.BaseDefinitionLoader.processPropertyPropertyValue">
      <csvname>tooltip</csvname>
      <csvisDefault>false</csvisDefault>
      <csvvalue>Auto Sort</csvvalue>
      <csvlocale_en_us>Auto Sort</csvlocale_en_us>
      <csvlocale_en_gb>Auto Sort</csvlocale_en_gb>
      <csvlocale_zh_cn>自动排序</csvlocale_zh_cn>
   </csvPropertyValue>
   <csvEndPropertyDefView handler="com.ptc.core.lwc.server.BaseDefinitionLoader.endProcessPropertyDefinition"/>
   <csvBeginPropertyDefView handler="com.ptc.core.lwc.server.BaseDefinitionLoader.beginProcessPropertyDefinition">
      <csvname>displayName</csvname>
      <csvholderClass>com.ptc.core.lwc.server.LWCEnumerationEntry</csvholderClass>
      <csvdatatype>java.lang.String</csvdatatype>
      <csvsortOrder>100</csvsortOrder>
      <csvinherited>true</csvinherited>
      <csvcontentHolder>false</csvcontentHolder>
      <csvlegalFileTypeList/>
      <csvoverridable>true</csvoverridable>
      <csvlocalizable>true</csvlocalizable>
      <csvdatatypeAppliedTo/>
      <csvhidden>false</csvhidden>
      <csvreadOnly>false</csvreadOnly>
      <csvminValue/>
      <csvmaxValue/>
      <csvmaxLength/>
      <csvpattern/>
      <csvenumDef/>
      <csvtargetRoot/>
   </csvBeginPropertyDefView>
   <csvPropertyValue handler="com.ptc.core.lwc.server.BaseDefinitionLoader.processPropertyPropertyValue">
      <csvname>displayName</csvname>
      <csvisDefault>false</csvisDefault>
      <csvvalue>Display Name</csvvalue>
      <csvlocale_en_us>Display Name</csvlocale_en_us>
      <csvlocale_en_gb>Display Name</csvlocale_en_gb>
      <csvlocale_zh_cn>显示名称</csvlocale_zh_cn>
   </csvPropertyValue>
   <csvPropertyValue handler="com.ptc.core.lwc.server.BaseDefinitionLoader.processPropertyPropertyValue">
      <csvname>description</csvname>
      <csvisDefault>false</csvisDefault>
      <csvvalue>Display Name</csvvalue>
      <csvlocale_en_us>Display Name</csvlocale_en_us>
      <csvlocale_en_gb>Display Name</csvlocale_en_gb>
      <csvlocale_zh_cn>显示名称</csvlocale_zh_cn>
   </csvPropertyValue>
   <csvPropertyValue handler="com.ptc.core.lwc.server.BaseDefinitionLoader.processPropertyPropertyValue">
      <csvname>tooltip</csvname>
      <csvisDefault>false</csvisDefault>
      <csvvalue>Display Name</csvvalue>
      <csvlocale_en_us>Display Name</csvlocale_en_us>
      <csvlocale_en_gb>Display Name</csvlocale_en_gb>
      <csvlocale_zh_cn>显示名称</csvlocale_zh_cn>
   </csvPropertyValue>
   <csvPropertyValue handler="com.ptc.core.lwc.server.BaseDefinitionLoader.processPropertyPropertyValue">
      <csvname>required</csvname>
      <csvisDefault>false</csvisDefault>
      <csvvalue>false</csvvalue>
   </csvPropertyValue>
   <csvEndPropertyDefView handler="com.ptc.core.lwc.server.BaseDefinitionLoader.endProcessPropertyDefinition"/>
   <csvBeginPropertyDefView handler="com.ptc.core.lwc.server.BaseDefinitionLoader.beginProcessPropertyDefinition">
      <csvname>selectable</csvname>
      <csvholderClass>com.ptc.core.lwc.server.LWCEnumerationEntry</csvholderClass>
      <csvdatatype>java.lang.Boolean</csvdatatype>
      <csvsortOrder/>
      <csvinherited>true</csvinherited>
      <csvcontentHolder>false</csvcontentHolder>
      <csvlegalFileTypeList/>
      <csvoverridable>true</csvoverridable>
      <csvlocalizable>false</csvlocalizable>
      <csvdatatypeAppliedTo/>
      <csvhidden>false</csvhidden>
      <csvreadOnly>false</csvreadOnly>
      <csvminValue/>
      <csvmaxValue/>
      <csvmaxLength/>
      <csvpattern/>
      <csvenumDef/>
      <csvtargetRoot/>
   </csvBeginPropertyDefView>
   <csvPropertyValue handler="com.ptc.core.lwc.server.BaseDefinitionLoader.processPropertyDefaultValue">
      <csvname>selectable</csvname>
      <csvisDefault>false</csvisDefault>
      <csvvalue>true</csvvalue>
   </csvPropertyValue>
   <csvPropertyValue handler="com.ptc.core.lwc.server.BaseDefinitionLoader.processPropertyPropertyValue">
      <csvname>displayName</csvname>
      <csvisDefault>false</csvisDefault>
      <csvvalue>Selectable</csvvalue>
      <csvlocale_en_us>Selectable</csvlocale_en_us>
      <csvlocale_en_gb>Selectable</csvlocale_en_gb>
      <csvlocale_zh_cn>可选择</csvlocale_zh_cn>
   </csvPropertyValue>
   <csvPropertyValue handler="com.ptc.core.lwc.server.BaseDefinitionLoader.processPropertyPropertyValue">
      <csvname>description</csvname>
      <csvisDefault>false</csvisDefault>
      <csvvalue>Selectable</csvvalue>
      <csvlocale_en_us>Selectable</csvlocale_en_us>
      <csvlocale_en_gb>Selectable</csvlocale_en_gb>
      <csvlocale_zh_cn>可选择</csvlocale_zh_cn>
   </csvPropertyValue>
   <csvPropertyValue handler="com.ptc.core.lwc.server.BaseDefinitionLoader.processPropertyPropertyValue">
      <csvname>tooltip</csvname>
      <csvisDefault>false</csvisDefault>
      <csvvalue>Selectable</csvvalue>
      <csvlocale_en_us>Selectable</csvlocale_en_us>
      <csvlocale_en_gb>Selectable</csvlocale_en_gb>
      <csvlocale_zh_cn>可选择</csvlocale_zh_cn>
   </csvPropertyValue>
   <csvEndPropertyDefView handler="com.ptc.core.lwc.server.BaseDefinitionLoader.endProcessPropertyDefinition"/>
   <csvBeginPropertyDefView handler="com.ptc.core.lwc.server.BaseDefinitionLoader.beginProcessPropertyDefinition">
      <csvname>sort_order</csvname>
      <csvholderClass>com.ptc.core.lwc.server.LWCEnumerationEntryLink</csvholderClass>
      <csvdatatype>java.lang.Integer</csvdatatype>
      <csvsortOrder/>
      <csvinherited>true</csvinherited>
      <csvcontentHolder>false</csvcontentHolder>
      <csvlegalFileTypeList/>
      <csvoverridable>true</csvoverridable>
      <csvlocalizable>false</csvlocalizable>
      <csvdatatypeAppliedTo/>
      <csvhidden>false</csvhidden>
      <csvreadOnly>false</csvreadOnly>
      <csvminValue/>
      <csvmaxValue/>
      <csvmaxLength/>
      <csvpattern/>
      <csvenumDef/>
      <csvtargetRoot/>
   </csvBeginPropertyDefView>
   <csvPropertyValue handler="com.ptc.core.lwc.server.BaseDefinitionLoader.processPropertyDefaultValue">
      <csvname>sort_order</csvname>
      <csvisDefault>false</csvisDefault>
      <csvvalue>1</csvvalue>
   </csvPropertyValue>
   <csvPropertyValue handler="com.ptc.core.lwc.server.BaseDefinitionLoader.processPropertyPropertyValue">
      <csvname>displayName</csvname>
      <csvisDefault>false</csvisDefault>
      <csvvalue>Sort Order</csvvalue>
      <csvlocale_en_us>Sort Order</csvlocale_en_us>
      <csvlocale_en_gb>Sort Order</csvlocale_en_gb>
      <csvlocale_zh_cn>排序顺序</csvlocale_zh_cn>
   </csvPropertyValue>
   <csvPropertyValue handler="com.ptc.core.lwc.server.BaseDefinitionLoader.processPropertyPropertyValue">
      <csvname>description</csvname>
      <csvisDefault>false</csvisDefault>
      <csvvalue>Sort Order</csvvalue>
      <csvlocale_en_us>Sort Order</csvlocale_en_us>
      <csvlocale_en_gb>Sort Order</csvlocale_en_gb>
      <csvlocale_zh_cn>排序顺序</csvlocale_zh_cn>
   </csvPropertyValue>
   <csvPropertyValue handler="com.ptc.core.lwc.server.BaseDefinitionLoader.processPropertyPropertyValue">
      <csvname>tooltip</csvname>
      <csvisDefault>false</csvisDefault>
      <csvvalue>Sort Order</csvvalue>
      <csvlocale_en_us>Sort Order</csvlocale_en_us>
      <csvlocale_en_gb>Sort Order</csvlocale_en_gb>
      <csvlocale_zh_cn>排序顺序</csvlocale_zh_cn>
   </csvPropertyValue>
   <csvEndPropertyDefView handler="com.ptc.core.lwc.server.BaseDefinitionLoader.endProcessPropertyDefinition"/>
   <csvBeginPropertyDefView handler="com.ptc.core.lwc.server.BaseDefinitionLoader.beginProcessPropertyDefinition">
      <csvname>displayName</csvname>
      <csvholderClass>com.ptc.core.lwc.server.LWCOrganizer</csvholderClass>
      <csvdatatype>java.lang.String</csvdatatype>
      <csvsortOrder>100</csvsortOrder>
      <csvinherited>false</csvinherited>
      <csvcontentHolder>false</csvcontentHolder>
      <csvlegalFileTypeList/>
      <csvoverridable>false</csvoverridable>
      <csvlocalizable>true</csvlocalizable>
      <csvdatatypeAppliedTo/>
      <csvhidden>false</csvhidden>
      <csvreadOnly>false</csvreadOnly>
      <csvminValue/>
      <csvmaxValue/>
      <csvmaxLength/>
      <csvpattern/>
      <csvenumDef/>
      <csvtargetRoot/>
   </csvBeginPropertyDefView>
   <csvPropertyValue handler="com.ptc.core.lwc.server.BaseDefinitionLoader.processPropertyPropertyValue">
      <csvname>displayName</csvname>
      <csvisDefault>false</csvisDefault>
      <csvvalue>Display Name</csvvalue>
      <csvlocale_en_us>Display Name</csvlocale_en_us>
      <csvlocale_en_gb>Display Name</csvlocale_en_gb>
      <csvlocale_zh_cn>显示名称</csvlocale_zh_cn>
   </csvPropertyValue>
   <csvPropertyValue handler="com.ptc.core.lwc.server.BaseDefinitionLoader.processPropertyPropertyValue">
      <csvname>description</csvname>
      <csvisDefault>false</csvisDefault>
      <csvvalue>Display Name</csvvalue>
      <csvlocale_en_us>Display Name</csvlocale_en_us>
      <csvlocale_en_gb>Display Name</csvlocale_en_gb>
      <csvlocale_zh_cn>显示名称</csvlocale_zh_cn>
   </csvPropertyValue>
   <csvPropertyValue handler="com.ptc.core.lwc.server.BaseDefinitionLoader.processPropertyPropertyValue">
      <csvname>tooltip</csvname>
      <csvisDefault>false</csvisDefault>
      <csvvalue>Display Name</csvvalue>
      <csvlocale_en_us>Display Name</csvlocale_en_us>
      <csvlocale_en_gb>Display Name</csvlocale_en_gb>
      <csvlocale_zh_cn>显示名称</csvlocale_zh_cn>
   </csvPropertyValue>
   <csvPropertyValue handler="com.ptc.core.lwc.server.BaseDefinitionLoader.processPropertyPropertyValue">
      <csvname>required</csvname>
      <csvisDefault>false</csvisDefault>
      <csvvalue>false</csvvalue>
   </csvPropertyValue>
   <csvEndPropertyDefView handler="com.ptc.core.lwc.server.BaseDefinitionLoader.endProcessPropertyDefinition"/>
   <csvBeginPropertyDefView handler="com.ptc.core.lwc.server.BaseDefinitionLoader.beginProcessPropertyDefinition">
      <csvname>description</csvname>
      <csvholderClass>com.ptc.core.lwc.server.LWCOrganizer</csvholderClass>
      <csvdatatype>java.lang.String</csvdatatype>
      <csvsortOrder>200</csvsortOrder>
      <csvinherited>false</csvinherited>
      <csvcontentHolder>false</csvcontentHolder>
      <csvlegalFileTypeList/>
      <csvoverridable>false</csvoverridable>
      <csvlocalizable>true</csvlocalizable>
      <csvdatatypeAppliedTo/>
      <csvhidden>false</csvhidden>
      <csvreadOnly>false</csvreadOnly>
      <csvminValue/>
      <csvmaxValue/>
      <csvmaxLength/>
      <csvpattern/>
      <csvenumDef/>
      <csvtargetRoot/>
   </csvBeginPropertyDefView>
   <csvPropertyValue handler="com.ptc.core.lwc.server.BaseDefinitionLoader.processPropertyPropertyValue">
      <csvname>displayName</csvname>
      <csvisDefault>false</csvisDefault>
      <csvvalue>Description</csvvalue>
      <csvlocale_en_us>Description</csvlocale_en_us>
      <csvlocale_en_gb>Description</csvlocale_en_gb>
      <csvlocale_zh_cn>说明</csvlocale_zh_cn>
   </csvPropertyValue>
   <csvPropertyValue handler="com.ptc.core.lwc.server.BaseDefinitionLoader.processPropertyPropertyValue">
      <csvname>description</csvname>
      <csvisDefault>false</csvisDefault>
      <csvvalue>Description</csvvalue>
      <csvlocale_en_us>Description</csvlocale_en_us>
      <csvlocale_en_gb>Description</csvlocale_en_gb>
      <csvlocale_zh_cn>说明</csvlocale_zh_cn>
   </csvPropertyValue>
   <csvPropertyValue handler="com.ptc.core.lwc.server.BaseDefinitionLoader.processPropertyPropertyValue">
      <csvname>tooltip</csvname>
      <csvisDefault>false</csvisDefault>
      <csvvalue>Description</csvvalue>
      <csvlocale_en_us>Description</csvlocale_en_us>
      <csvlocale_en_gb>Description</csvlocale_en_gb>
      <csvlocale_zh_cn>说明</csvlocale_zh_cn>
   </csvPropertyValue>
   <csvEndPropertyDefView handler="com.ptc.core.lwc.server.BaseDefinitionLoader.endProcessPropertyDefinition"/>
   <csvBeginPropertyDefView handler="com.ptc.core.lwc.server.BaseDefinitionLoader.beginProcessPropertyDefinition">
      <csvname>tooltip</csvname>
      <csvholderClass>com.ptc.core.lwc.server.LWCOrganizer</csvholderClass>
      <csvdatatype>java.lang.String</csvdatatype>
      <csvsortOrder>300</csvsortOrder>
      <csvinherited>false</csvinherited>
      <csvcontentHolder>false</csvcontentHolder>
      <csvlegalFileTypeList/>
      <csvoverridable>false</csvoverridable>
      <csvlocalizable>true</csvlocalizable>
      <csvdatatypeAppliedTo/>
      <csvhidden>true</csvhidden>
      <csvreadOnly>false</csvreadOnly>
      <csvminValue/>
      <csvmaxValue/>
      <csvmaxLength/>
      <csvpattern/>
      <csvenumDef/>
      <csvtargetRoot/>
   </csvBeginPropertyDefView>
   <csvPropertyValue handler="com.ptc.core.lwc.server.BaseDefinitionLoader.processPropertyPropertyValue">
      <csvname>displayName</csvname>
      <csvisDefault>false</csvisDefault>
      <csvvalue>Tooltip</csvvalue>
      <csvlocale_en_us>Tooltip</csvlocale_en_us>
      <csvlocale_en_gb>Tooltip</csvlocale_en_gb>
      <csvlocale_zh_cn>工具提示</csvlocale_zh_cn>
   </csvPropertyValue>
   <csvPropertyValue handler="com.ptc.core.lwc.server.BaseDefinitionLoader.processPropertyPropertyValue">
      <csvname>description</csvname>
      <csvisDefault>false</csvisDefault>
      <csvvalue>Tooltip</csvvalue>
      <csvlocale_en_us>Tooltip</csvlocale_en_us>
      <csvlocale_en_gb>Tooltip</csvlocale_en_gb>
      <csvlocale_zh_cn>工具提示</csvlocale_zh_cn>
   </csvPropertyValue>
   <csvPropertyValue handler="com.ptc.core.lwc.server.BaseDefinitionLoader.processPropertyPropertyValue">
      <csvname>tooltip</csvname>
      <csvisDefault>false</csvisDefault>
      <csvvalue>Tooltip</csvvalue>
      <csvlocale_en_us>Tooltip</csvlocale_en_us>
      <csvlocale_en_gb>Tooltip</csvlocale_en_gb>
      <csvlocale_zh_cn>工具提示</csvlocale_zh_cn>
   </csvPropertyValue>
   <csvEndPropertyDefView handler="com.ptc.core.lwc.server.BaseDefinitionLoader.endProcessPropertyDefinition"/>
   <csvBeginPropertyDefView handler="com.ptc.core.lwc.server.BaseDefinitionLoader.beginProcessPropertyDefinition">
      <csvname>protected</csvname>
      <csvholderClass>com.ptc.core.lwc.server.LWCOrganizer</csvholderClass>
      <csvdatatype>java.lang.Boolean</csvdatatype>
      <csvsortOrder/>
      <csvinherited>false</csvinherited>
      <csvcontentHolder>false</csvcontentHolder>
      <csvlegalFileTypeList/>
      <csvoverridable>false</csvoverridable>
      <csvlocalizable>false</csvlocalizable>
      <csvdatatypeAppliedTo/>
      <csvhidden>true</csvhidden>
      <csvreadOnly>false</csvreadOnly>
      <csvminValue/>
      <csvmaxValue/>
      <csvmaxLength/>
      <csvpattern/>
      <csvenumDef/>
      <csvtargetRoot/>
   </csvBeginPropertyDefView>
   <csvPropertyValue handler="com.ptc.core.lwc.server.BaseDefinitionLoader.processPropertyDefaultValue">
      <csvname>protected</csvname>
      <csvisDefault>false</csvisDefault>
      <csvvalue>false</csvvalue>
   </csvPropertyValue>
   <csvPropertyValue handler="com.ptc.core.lwc.server.BaseDefinitionLoader.processPropertyPropertyValue">
      <csvname>displayName</csvname>
      <csvisDefault>false</csvisDefault>
      <csvvalue>Protected</csvvalue>
      <csvlocale_en_us></csvlocale_en_us>
      <csvlocale_en_gb></csvlocale_en_gb>
      <csvlocale_zh_cn>Protected</csvlocale_zh_cn>
   </csvPropertyValue>
   <csvPropertyValue handler="com.ptc.core.lwc.server.BaseDefinitionLoader.processPropertyPropertyValue">
      <csvname>description</csvname>
      <csvisDefault>false</csvisDefault>
      <csvvalue>Protected</csvvalue>
      <csvlocale_en_us></csvlocale_en_us>
      <csvlocale_en_gb></csvlocale_en_gb>
      <csvlocale_zh_cn>Protected</csvlocale_zh_cn>
   </csvPropertyValue>
   <csvPropertyValue handler="com.ptc.core.lwc.server.BaseDefinitionLoader.processPropertyPropertyValue">
      <csvname>tooltip</csvname>
      <csvisDefault>false</csvisDefault>
      <csvvalue>Protected</csvvalue>
      <csvlocale_en_us></csvlocale_en_us>
      <csvlocale_en_gb></csvlocale_en_gb>
      <csvlocale_zh_cn>Protected</csvlocale_zh_cn>
   </csvPropertyValue>
   <csvEndPropertyDefView handler="com.ptc.core.lwc.server.BaseDefinitionLoader.endProcessPropertyDefinition"/>
   <csvBeginPropertyDefView handler="com.ptc.core.lwc.server.BaseDefinitionLoader.beginProcessPropertyDefinition">
      <csvname>systemHidden</csvname>
      <csvholderClass>com.ptc.core.lwc.server.LWCOrganizer</csvholderClass>
      <csvdatatype>java.lang.Boolean</csvdatatype>
      <csvsortOrder/>
      <csvinherited>false</csvinherited>
      <csvcontentHolder>false</csvcontentHolder>
      <csvlegalFileTypeList/>
      <csvoverridable>false</csvoverridable>
      <csvlocalizable>false</csvlocalizable>
      <csvdatatypeAppliedTo/>
      <csvhidden>true</csvhidden>
      <csvreadOnly>false</csvreadOnly>
      <csvminValue/>
      <csvmaxValue/>
      <csvmaxLength/>
      <csvpattern/>
      <csvenumDef/>
      <csvtargetRoot/>
   </csvBeginPropertyDefView>
   <csvPropertyValue handler="com.ptc.core.lwc.server.BaseDefinitionLoader.processPropertyDefaultValue">
      <csvname>systemHidden</csvname>
      <csvisDefault>false</csvisDefault>
      <csvvalue>false</csvvalue>
   </csvPropertyValue>
   <csvPropertyValue handler="com.ptc.core.lwc.server.BaseDefinitionLoader.processPropertyPropertyValue">
      <csvname>displayName</csvname>
      <csvisDefault>false</csvisDefault>
      <csvvalue>System Hidden</csvvalue>
      <csvlocale_en_us>System Hidden</csvlocale_en_us>
      <csvlocale_en_gb>System Hidden</csvlocale_en_gb>
      <csvlocale_zh_cn>系统隐藏</csvlocale_zh_cn>
   </csvPropertyValue>
   <csvPropertyValue handler="com.ptc.core.lwc.server.BaseDefinitionLoader.processPropertyPropertyValue">
      <csvname>description</csvname>
      <csvisDefault>false</csvisDefault>
      <csvvalue>System Hidden</csvvalue>
      <csvlocale_en_us>System Hidden</csvlocale_en_us>
      <csvlocale_en_gb>System Hidden</csvlocale_en_gb>
      <csvlocale_zh_cn>系统隐藏</csvlocale_zh_cn>
   </csvPropertyValue>
   <csvPropertyValue handler="com.ptc.core.lwc.server.BaseDefinitionLoader.processPropertyPropertyValue">
      <csvname>tooltip</csvname>
      <csvisDefault>false</csvisDefault>
      <csvvalue>System Hidden</csvvalue>
      <csvlocale_en_us>System Hidden</csvlocale_en_us>
      <csvlocale_en_gb>System Hidden</csvlocale_en_gb>
      <csvlocale_zh_cn>系统隐藏</csvlocale_zh_cn>
   </csvPropertyValue>
   <csvEndPropertyDefView handler="com.ptc.core.lwc.server.BaseDefinitionLoader.endProcessPropertyDefinition"/>
   <csvBeginOrganizerView handler="com.ptc.core.lwc.server.BaseDefinitionLoader.beginProcessOrganizer">
      <csvname>TCMJ</csvname>
      <csvcontainerDomain>com.wisplm</csvcontainerDomain>
      <csvparent/>
   </csvBeginOrganizerView>
   <csvPropertyValue handler="com.ptc.core.lwc.server.BaseDefinitionLoader.processOrganizerPropertyValue">
      <csvname>displayName</csvname>
      <csvisDefault>false</csvisDefault>
      <csvvalue>更改控制流程项目枚举</csvvalue>
   </csvPropertyValue>
   <csvEndOrganizerView handler="com.ptc.core.lwc.server.BaseDefinitionLoader.endProcessOrganizer"/>
   <csvBeginEnumDefView handler="com.ptc.core.lwc.server.BaseDefinitionLoader.beginProcessEnumerationDefinition">
      <csvname>mapSheet</csvname>
      <csvcontainerDomain/>
      <csvmaster/>
      <csvsystem>false</csvsystem>
      <csvorganizer>TCMJ</csvorganizer>
      <csvdomainRef>/System</csvdomainRef>
   </csvBeginEnumDefView>
   <csvPropertyValue handler="com.ptc.core.lwc.server.BaseDefinitionLoader.processEnumerationPropertyValue">
      <csvname>displayName</csvname>
      <csvisDefault>false</csvisDefault>
      <csvvalue>图幅</csvvalue>
   </csvPropertyValue>
   <csvPropertyValue handler="com.ptc.core.lwc.server.BaseDefinitionLoader.processEnumerationPropertyValue">
      <csvname>autoSort</csvname>
      <csvisDefault>false</csvisDefault>
      <csvvalue>false</csvvalue>
   </csvPropertyValue>
   <csvBeginEnumMemberView handler="com.ptc.core.lwc.server.BaseDefinitionLoader.beginProcessEnumMembership">
      <csvname>A2</csvname>
   </csvBeginEnumMemberView>
   <csvPropertyValue handler="com.ptc.core.lwc.server.BaseDefinitionLoader.processEnumEntryPropertyValue">
      <csvname>displayName</csvname>
      <csvisDefault>false</csvisDefault>
      <csvvalue>A2</csvvalue>
   </csvPropertyValue>
   <csvPropertyValue handler="com.ptc.core.lwc.server.BaseDefinitionLoader.processEnumEntryPropertyValue">
      <csvname>selectable</csvname>
      <csvisDefault>false</csvisDefault>
      <csvvalue>true</csvvalue>
   </csvPropertyValue>
   <csvPropertyValue handler="com.ptc.core.lwc.server.BaseDefinitionLoader.processEnumMembershipPropertyValue">
      <csvname>sort_order</csvname>
      <csvisDefault>false</csvisDefault>
      <csvvalue>0</csvvalue>
   </csvPropertyValue>
   <csvEndEnumMemberView handler="com.ptc.core.lwc.server.BaseDefinitionLoader.endProcessEnumMembership"/>
   <csvBeginEnumMemberView handler="com.ptc.core.lwc.server.BaseDefinitionLoader.beginProcessEnumMembership">
      <csvname>A3</csvname>
   </csvBeginEnumMemberView>
   <csvPropertyValue handler="com.ptc.core.lwc.server.BaseDefinitionLoader.processEnumEntryPropertyValue">
      <csvname>displayName</csvname>
      <csvisDefault>false</csvisDefault>
      <csvvalue>A3</csvvalue>
   </csvPropertyValue>
   <csvPropertyValue handler="com.ptc.core.lwc.server.BaseDefinitionLoader.processEnumEntryPropertyValue">
      <csvname>selectable</csvname>
      <csvisDefault>false</csvisDefault>
      <csvvalue>true</csvvalue>
   </csvPropertyValue>
   <csvPropertyValue handler="com.ptc.core.lwc.server.BaseDefinitionLoader.processEnumMembershipPropertyValue">
      <csvname>sort_order</csvname>
      <csvisDefault>false</csvisDefault>
      <csvvalue>1</csvvalue>
   </csvPropertyValue>
   <csvEndEnumMemberView handler="com.ptc.core.lwc.server.BaseDefinitionLoader.endProcessEnumMembership"/>
   <csvBeginEnumMemberView handler="com.ptc.core.lwc.server.BaseDefinitionLoader.beginProcessEnumMembership">
      <csvname>A4</csvname>
   </csvBeginEnumMemberView>
   <csvPropertyValue handler="com.ptc.core.lwc.server.BaseDefinitionLoader.processEnumEntryPropertyValue">
      <csvname>displayName</csvname>
      <csvisDefault>false</csvisDefault>
      <csvvalue>A4</csvvalue>
   </csvPropertyValue>
   <csvPropertyValue handler="com.ptc.core.lwc.server.BaseDefinitionLoader.processEnumEntryPropertyValue">
      <csvname>selectable</csvname>
      <csvisDefault>false</csvisDefault>
      <csvvalue>true</csvvalue>
   </csvPropertyValue>
   <csvPropertyValue handler="com.ptc.core.lwc.server.BaseDefinitionLoader.processEnumMembershipPropertyValue">
      <csvname>sort_order</csvname>
      <csvisDefault>false</csvisDefault>
      <csvvalue>2</csvvalue>
   </csvPropertyValue>
   <csvEndEnumMemberView handler="com.ptc.core.lwc.server.BaseDefinitionLoader.endProcessEnumMembership"/>
   <csvEndEnumDefView handler="com.ptc.core.lwc.server.BaseDefinitionLoader.endProcessEnumerationDefinition"/>
   <csvEndBaseDefsRbInfos handler="com.ptc.core.lwc.server.BaseDefinitionLoader.endProcessRbInfos"/>
</NmLoader>