<?xml version="1.0" encoding="UTF-8" ?>
<!DOCTYPE NmLoader SYSTEM "standardX26.dtd">
<NmLoader>
  <csvWfProcessTemplateBegin handler="wt.workflow.definer.LoadWorkflow.createProcessTemplate">
    <csvxCoordinate>0</csvxCoordinate>
    <csvyCoordinate>0</csvyCoordinate>
    <csvrouterType>NONE</csvrouterType>
    <csvroutingEvents></csvroutingEvents>
    <csvautoRoutingExpression></csvautoRoutingExpression>
    <csvuniqueId>wt.workflow.definer.WfProcessTemplate:1193748</csvuniqueId>
    <csvname>TechnicalCoordinationSheet_WF</csvname>
    <csvdescription></csvdescription>
    <csvcategory>DEFAULT</csvcategory>
    <csvinstructions></csvinstructions>
    <csviconName>null</csviconName>
    <csvduration>0</csvduration>
    <csvprocessDuration>0</csvprocessDuration>
    <csvstartDelay>0</csvstartDelay>
    <csvstartProcessDelay>0</csvstartProcessDelay>
    <csvnotifyBeforeDeadline>false</csvnotifyBeforeDeadline>
    <csvtimeToDeadline>0</csvtimeToDeadline>
    <csvnotifyAfterDeadline>false</csvnotifyAfterDeadline>
    <csvtimePastDeadline>0</csvtimePastDeadline>
    <csvresponsibleRole></csvresponsibleRole>
    <csvenabled>true</csvenabled>
    <csvfolderLocation>/System</csvfolderLocation>
    <csvdedicatedQueue>false</csvdedicatedQueue>
  </csvWfProcessTemplateBegin>
  <csvWfVariable handler="wt.workflow.definer.LoadWorkflow.addVariable">
    <csvname>primaryBusinessObject</csvname>
    <csvtype>wt.fc.WTObject</csvtype>
    <csvrequired>false</csvrequired>
    <csvvisible>true</csvvisible>
    <csvmutable>true</csvmutable>
    <csvresetable>true</csvresetable>
    <csvinitializeFrom></csvinitializeFrom>
    <csvcopyInto></csvcopyInto>
    <csvdefaultValue></csvdefaultValue>
    <csvpermissionList>0</csvpermissionList>
    <csvreadOnly>false</csvreadOnly>
    <csvdisplayNames></csvdisplayNames>
  </csvWfVariable>
  <csvWfAssignedActivityTemplateBegin handler="wt.workflow.definer.LoadWorkflow.createAssignedActivityTemplate">
    <csvxCoordinate>145</csvxCoordinate>
    <csvyCoordinate>146</csvyCoordinate>
    <csvrouterType>MANUAL_EXCLUSIVE</csvrouterType>
    <csvroutingEvents>提交/取消/</csvroutingEvents>
    <csvautoRoutingExpression></csvautoRoutingExpression>
    <csvuniqueId>wt.workflow.definer.WfAssignedActivityTemplate:1193755</csvuniqueId>
    <csvname>编制</csvname>
    <csvdescription>null</csvdescription>
    <csvcategory>DEFAULT</csvcategory>
    <csvinstructions>null</csvinstructions>
    <csviconName>wt/clients/images/assignactvty.gif</csviconName>
    <csvduration>0</csvduration>
    <csvprocessDuration>0</csvprocessDuration>
    <csvstartDelay>0</csvstartDelay>
    <csvstartProcessDelay>0</csvstartProcessDelay>
    <csvnotifyBeforeDeadline>false</csvnotifyBeforeDeadline>
    <csvtimeToDeadline>0</csvtimeToDeadline>
    <csvnotifyAfterDeadline>false</csvnotifyAfterDeadline>
    <csvtimePastDeadline>0</csvtimePastDeadline>
    <csvresponsibleRole></csvresponsibleRole>
    <csvtask>WfTask</csvtask>
    <csvsendNotification>false</csvsendNotification>
    <csvlocalProject></csvlocalProject>
    <csvvariableProject>null</csvvariableProject>
    <csvsigningRequired>false</csvsigningRequired>
  </csvWfAssignedActivityTemplateBegin>
  <csvWfVariable handler="wt.workflow.definer.LoadWorkflow.addVariable">
    <csvname>primaryBusinessObject</csvname>
    <csvtype>wt.fc.WTObject</csvtype>
    <csvrequired>false</csvrequired>
    <csvvisible>true</csvvisible>
    <csvmutable>true</csvmutable>
    <csvresetable>true</csvresetable>
    <csvinitializeFrom>primaryBusinessObject</csvinitializeFrom>
    <csvcopyInto>primaryBusinessObject</csvcopyInto>
    <csvdefaultValue></csvdefaultValue>
    <csvpermissionList>0</csvpermissionList>
    <csvreadOnly>false</csvreadOnly>
    <csvdisplayNames></csvdisplayNames>
  </csvWfVariable>
  <csvWfExpression handler="wt.workflow.definer.LoadWorkflow.addExpression">
    <csvexpression>提交</csvexpression>
    <csvexprBody>ext.technicalconditions.workflow.TechCooDocWorkflowHelper.submitReviewValidate(self#primaryBusinessObject);</csvexprBody>
    <csvcheckSyntax>false</csvcheckSyntax>
  </csvWfExpression>
  <csvWfExpression handler="wt.workflow.definer.LoadWorkflow.addExpression">
    <csvexpression>取消</csvexpression>
    <csvexprBody>ext.technicalconditions.workflow.TechCooDocWorkflowHelper.cancelReviewValidate(self#primaryBusinessObject);</csvexprBody>
    <csvcheckSyntax>false</csvcheckSyntax>
  </csvWfExpression>
  <csvWfRoleAssignee handler="wt.workflow.definer.LoadWorkflow.addRoleAssignee">
    <csvrole>HUIQIAN</csvrole>
    <csvrequired>false</csvrequired>
    <csvcompletionPolicyType>ANY</csvcompletionPolicyType>
    <csvcompletionPolicyValue>0</csvcompletionPolicyValue>
  </csvWfRoleAssignee>
  <csvWfRoleAssignee handler="wt.workflow.definer.LoadWorkflow.addRoleAssignee">
    <csvrole>APPROVER</csvrole>
    <csvrequired>false</csvrequired>
    <csvcompletionPolicyType>ANY</csvcompletionPolicyType>
    <csvcompletionPolicyValue>0</csvcompletionPolicyValue>
  </csvWfRoleAssignee>
  <csvWfActorAssignee handler="wt.workflow.definer.LoadWorkflow.addActorAssignee">
    <csvactor>CREATOR</csvactor>
    <csvrequired>true</csvrequired>
    <csvcompletionPolicyType>ANY</csvcompletionPolicyType>
    <csvcompletionPolicyValue>0</csvcompletionPolicyValue>
  </csvWfActorAssignee>
  <csvWfRoleSetup handler="wt.workflow.definer.LoadWorkflow.addRoleSetup">
    <csvassigneeType>Role</csvassigneeType>
    <csvassigneeName>HUIQIAN</csvassigneeName>
    <csvrole>HUIQIAN</csvrole>
    <csvviewPermission>true</csvviewPermission>
    <csvaddPermission>false</csvaddPermission>
    <csvremovePermission>false</csvremovePermission>
  </csvWfRoleSetup>
  <csvWfRoleSetup handler="wt.workflow.definer.LoadWorkflow.addRoleSetup">
    <csvassigneeType>Role</csvassigneeType>
    <csvassigneeName>HUIQIAN</csvassigneeName>
    <csvrole>APPROVER</csvrole>
    <csvviewPermission>true</csvviewPermission>
    <csvaddPermission>false</csvaddPermission>
    <csvremovePermission>false</csvremovePermission>
  </csvWfRoleSetup>
  <csvWfRoleSetup handler="wt.workflow.definer.LoadWorkflow.addRoleSetup">
    <csvassigneeType>Role</csvassigneeType>
    <csvassigneeName>APPROVER</csvassigneeName>
    <csvrole>HUIQIAN</csvrole>
    <csvviewPermission>true</csvviewPermission>
    <csvaddPermission>false</csvaddPermission>
    <csvremovePermission>false</csvremovePermission>
  </csvWfRoleSetup>
  <csvWfRoleSetup handler="wt.workflow.definer.LoadWorkflow.addRoleSetup">
    <csvassigneeType>Role</csvassigneeType>
    <csvassigneeName>APPROVER</csvassigneeName>
    <csvrole>APPROVER</csvrole>
    <csvviewPermission>true</csvviewPermission>
    <csvaddPermission>false</csvaddPermission>
    <csvremovePermission>false</csvremovePermission>
  </csvWfRoleSetup>
  <csvWfRoleSetup handler="wt.workflow.definer.LoadWorkflow.addRoleSetup">
    <csvassigneeType>ActorRole</csvassigneeType>
    <csvassigneeName>CREATOR</csvassigneeName>
    <csvrole>HUIQIAN</csvrole>
    <csvviewPermission>true</csvviewPermission>
    <csvaddPermission>true</csvaddPermission>
    <csvremovePermission>true</csvremovePermission>
  </csvWfRoleSetup>
  <csvWfRoleSetup handler="wt.workflow.definer.LoadWorkflow.addRoleSetup">
    <csvassigneeType>ActorRole</csvassigneeType>
    <csvassigneeName>CREATOR</csvassigneeName>
    <csvrole>APPROVER</csvrole>
    <csvviewPermission>true</csvviewPermission>
    <csvaddPermission>true</csvaddPermission>
    <csvremovePermission>true</csvremovePermission>
  </csvWfRoleSetup>
  <csvWfResourcePool handler="wt.workflow.definer.LoadWorkflow.addResourcePool">
    <csvrole>HUIQIAN</csvrole>
    <csvresourcePoolType>Context Team</csvresourcePoolType>
    <csvresourcePoolName>Context Team</csvresourcePoolName>
  </csvWfResourcePool>
  <csvWfResourcePool handler="wt.workflow.definer.LoadWorkflow.addResourcePool">
    <csvrole>APPROVER</csvrole>
    <csvresourcePoolType>Context Team</csvresourcePoolType>
    <csvresourcePoolName>Context Team</csvresourcePoolName>
  </csvWfResourcePool>
  <csvWfAuditAction handler="wt.workflow.definer.LoadWorkflow.addAuditAction">
    <csvauditAction>ACTIVITY_ASSIGNMENT_CHANGED</csvauditAction>
    <csvauditActionFlag>true</csvauditActionFlag>
  </csvWfAuditAction>
  <csvWfAuditAction handler="wt.workflow.definer.LoadWorkflow.addAuditAction">
    <csvauditAction>EXECUTION_ERROR</csvauditAction>
    <csvauditActionFlag>true</csvauditActionFlag>
  </csvWfAuditAction>
  <csvWfVotingAction handler="wt.workflow.definer.LoadWorkflow.addVotingAction">
    <csvvotingAction>RECORD_VOTING</csvvotingAction>
    <csvvotingActionFlag>true</csvvotingActionFlag>
  </csvWfVotingAction>
  <csvWfIgnoreUnresolvedRoleAction handler="wt.workflow.definer.LoadWorkflow.addIgnoreUnresolvedRoleAction">
    <csvignoreUnresolvedRoleAction>IGNOREUNRESOLVED_ROLE</csvignoreUnresolvedRoleAction>
    <csvignoreUnresolvedRoleActionFlag>true</csvignoreUnresolvedRoleActionFlag>
  </csvWfIgnoreUnresolvedRoleAction>
  <csvRenderChoice handler="wt.workflow.definer.LoadWorkflow.renderTemplate"><csvrender>HTML</csvrender></csvRenderChoice>
  <csvTaskFormTemplate handler="wt.workflow.definer.LoadWorkflow.saveTaskFormTemplate"><csvTemplateName>default</csvTemplateName></csvTaskFormTemplate>
  <csvWfAssignedActivityTemplateEnd handler="wt.workflow.definer.LoadWorkflow.saveAssignedActivityTemplate"></csvWfAssignedActivityTemplateEnd>
  <csvWfAssignedActivityTemplateBegin handler="wt.workflow.definer.LoadWorkflow.createAssignedActivityTemplate">
    <csvxCoordinate>256</csvxCoordinate>
    <csvyCoordinate>383</csvyCoordinate>
    <csvrouterType>MANUAL_EXCLUSIVE</csvrouterType>
    <csvroutingEvents>提交/取消/</csvroutingEvents>
    <csvautoRoutingExpression></csvautoRoutingExpression>
    <csvuniqueId>wt.workflow.definer.WfAssignedActivityTemplate:1193751</csvuniqueId>
    <csvname>修改</csvname>
    <csvdescription>null</csvdescription>
    <csvcategory>DEFAULT</csvcategory>
    <csvinstructions>null</csvinstructions>
    <csviconName>wt/clients/images/assignactvty.gif</csviconName>
    <csvduration>0</csvduration>
    <csvprocessDuration>0</csvprocessDuration>
    <csvstartDelay>0</csvstartDelay>
    <csvstartProcessDelay>0</csvstartProcessDelay>
    <csvnotifyBeforeDeadline>false</csvnotifyBeforeDeadline>
    <csvtimeToDeadline>0</csvtimeToDeadline>
    <csvnotifyAfterDeadline>false</csvnotifyAfterDeadline>
    <csvtimePastDeadline>0</csvtimePastDeadline>
    <csvresponsibleRole></csvresponsibleRole>
    <csvtask>WfTask</csvtask>
    <csvsendNotification>false</csvsendNotification>
    <csvlocalProject></csvlocalProject>
    <csvvariableProject>null</csvvariableProject>
    <csvsigningRequired>false</csvsigningRequired>
  </csvWfAssignedActivityTemplateBegin>
  <csvWfVariable handler="wt.workflow.definer.LoadWorkflow.addVariable">
    <csvname>primaryBusinessObject</csvname>
    <csvtype>wt.fc.WTObject</csvtype>
    <csvrequired>false</csvrequired>
    <csvvisible>true</csvvisible>
    <csvmutable>true</csvmutable>
    <csvresetable>true</csvresetable>
    <csvinitializeFrom>primaryBusinessObject</csvinitializeFrom>
    <csvcopyInto>primaryBusinessObject</csvcopyInto>
    <csvdefaultValue></csvdefaultValue>
    <csvpermissionList>0</csvpermissionList>
    <csvreadOnly>false</csvreadOnly>
    <csvdisplayNames></csvdisplayNames>
  </csvWfVariable>
  <csvWfExpression handler="wt.workflow.definer.LoadWorkflow.addExpression">
    <csvexpression>提交</csvexpression>
    <csvexprBody>ext.technicalconditions.workflow.TechCooDocWorkflowHelper.submitReviewValidate(self#primaryBusinessObject);</csvexprBody>
    <csvcheckSyntax>false</csvcheckSyntax>
  </csvWfExpression>
  <csvWfExpression handler="wt.workflow.definer.LoadWorkflow.addExpression">
    <csvexpression>取消</csvexpression>
    <csvexprBody>ext.technicalconditions.workflow.TechCooDocWorkflowHelper.cancelReviewValidate(self#primaryBusinessObject);</csvexprBody>
    <csvcheckSyntax>false</csvcheckSyntax>
  </csvWfExpression>
  <csvWfRoleAssignee handler="wt.workflow.definer.LoadWorkflow.addRoleAssignee">
    <csvrole>HUIQIAN</csvrole>
    <csvrequired>false</csvrequired>
    <csvcompletionPolicyType>ANY</csvcompletionPolicyType>
    <csvcompletionPolicyValue>0</csvcompletionPolicyValue>
  </csvWfRoleAssignee>
  <csvWfRoleAssignee handler="wt.workflow.definer.LoadWorkflow.addRoleAssignee">
    <csvrole>APPROVER</csvrole>
    <csvrequired>false</csvrequired>
    <csvcompletionPolicyType>ANY</csvcompletionPolicyType>
    <csvcompletionPolicyValue>0</csvcompletionPolicyValue>
  </csvWfRoleAssignee>
  <csvWfActorAssignee handler="wt.workflow.definer.LoadWorkflow.addActorAssignee">
    <csvactor>CREATOR</csvactor>
    <csvrequired>true</csvrequired>
    <csvcompletionPolicyType>ANY</csvcompletionPolicyType>
    <csvcompletionPolicyValue>0</csvcompletionPolicyValue>
  </csvWfActorAssignee>
  <csvWfRoleSetup handler="wt.workflow.definer.LoadWorkflow.addRoleSetup">
    <csvassigneeType>Role</csvassigneeType>
    <csvassigneeName>HUIQIAN</csvassigneeName>
    <csvrole>HUIQIAN</csvrole>
    <csvviewPermission>true</csvviewPermission>
    <csvaddPermission>false</csvaddPermission>
    <csvremovePermission>false</csvremovePermission>
  </csvWfRoleSetup>
  <csvWfRoleSetup handler="wt.workflow.definer.LoadWorkflow.addRoleSetup">
    <csvassigneeType>Role</csvassigneeType>
    <csvassigneeName>HUIQIAN</csvassigneeName>
    <csvrole>APPROVER</csvrole>
    <csvviewPermission>true</csvviewPermission>
    <csvaddPermission>false</csvaddPermission>
    <csvremovePermission>false</csvremovePermission>
  </csvWfRoleSetup>
  <csvWfRoleSetup handler="wt.workflow.definer.LoadWorkflow.addRoleSetup">
    <csvassigneeType>Role</csvassigneeType>
    <csvassigneeName>APPROVER</csvassigneeName>
    <csvrole>HUIQIAN</csvrole>
    <csvviewPermission>true</csvviewPermission>
    <csvaddPermission>false</csvaddPermission>
    <csvremovePermission>false</csvremovePermission>
  </csvWfRoleSetup>
  <csvWfRoleSetup handler="wt.workflow.definer.LoadWorkflow.addRoleSetup">
    <csvassigneeType>Role</csvassigneeType>
    <csvassigneeName>APPROVER</csvassigneeName>
    <csvrole>APPROVER</csvrole>
    <csvviewPermission>true</csvviewPermission>
    <csvaddPermission>false</csvaddPermission>
    <csvremovePermission>false</csvremovePermission>
  </csvWfRoleSetup>
  <csvWfRoleSetup handler="wt.workflow.definer.LoadWorkflow.addRoleSetup">
    <csvassigneeType>ActorRole</csvassigneeType>
    <csvassigneeName>CREATOR</csvassigneeName>
    <csvrole>HUIQIAN</csvrole>
    <csvviewPermission>true</csvviewPermission>
    <csvaddPermission>true</csvaddPermission>
    <csvremovePermission>true</csvremovePermission>
  </csvWfRoleSetup>
  <csvWfRoleSetup handler="wt.workflow.definer.LoadWorkflow.addRoleSetup">
    <csvassigneeType>ActorRole</csvassigneeType>
    <csvassigneeName>CREATOR</csvassigneeName>
    <csvrole>APPROVER</csvrole>
    <csvviewPermission>true</csvviewPermission>
    <csvaddPermission>true</csvaddPermission>
    <csvremovePermission>true</csvremovePermission>
  </csvWfRoleSetup>
  <csvWfAuditAction handler="wt.workflow.definer.LoadWorkflow.addAuditAction">
    <csvauditAction>ACTIVITY_ASSIGNMENT_CHANGED</csvauditAction>
    <csvauditActionFlag>true</csvauditActionFlag>
  </csvWfAuditAction>
  <csvWfAuditAction handler="wt.workflow.definer.LoadWorkflow.addAuditAction">
    <csvauditAction>EXECUTION_ERROR</csvauditAction>
    <csvauditActionFlag>true</csvauditActionFlag>
  </csvWfAuditAction>
  <csvWfVotingAction handler="wt.workflow.definer.LoadWorkflow.addVotingAction">
    <csvvotingAction>RECORD_VOTING</csvvotingAction>
    <csvvotingActionFlag>true</csvvotingActionFlag>
  </csvWfVotingAction>
  <csvWfIgnoreUnresolvedRoleAction handler="wt.workflow.definer.LoadWorkflow.addIgnoreUnresolvedRoleAction">
    <csvignoreUnresolvedRoleAction>IGNOREUNRESOLVED_ROLE</csvignoreUnresolvedRoleAction>
    <csvignoreUnresolvedRoleActionFlag>true</csvignoreUnresolvedRoleActionFlag>
  </csvWfIgnoreUnresolvedRoleAction>
  <csvRenderChoice handler="wt.workflow.definer.LoadWorkflow.renderTemplate"><csvrender>HTML</csvrender></csvRenderChoice>
  <csvTaskFormTemplate handler="wt.workflow.definer.LoadWorkflow.saveTaskFormTemplate"><csvTemplateName>default</csvTemplateName></csvTaskFormTemplate>
  <csvWfAssignedActivityTemplateEnd handler="wt.workflow.definer.LoadWorkflow.saveAssignedActivityTemplate"></csvWfAssignedActivityTemplateEnd>
  <csvWfAssignedActivityTemplateBegin handler="wt.workflow.definer.LoadWorkflow.createAssignedActivityTemplate">
    <csvxCoordinate>497</csvxCoordinate>
    <csvyCoordinate>146</csvyCoordinate>
    <csvrouterType>MANUAL_EXCLUSIVE</csvrouterType>
    <csvroutingEvents>通过/驳回/</csvroutingEvents>
    <csvautoRoutingExpression>Vector v = new Vector();@v.addElement(&quot;通过&quot;);@v.addElement(&quot;驳回&quot;);@Vector vResult = wt.workflow.work.WfTally.any(self#v);@if(vResult.contains(&quot;驳回&quot;)){@   result = &quot;驳回&quot;;@}else{@   vResult = WfTally.all(self#v);@   if( !vResult.isEmpty() ){@      result = (String)vResult.get(0);@  }@}</csvautoRoutingExpression>
    <csvuniqueId>wt.workflow.definer.WfAssignedActivityTemplate:1193759</csvuniqueId>
    <csvname>会签</csvname>
    <csvdescription>null</csvdescription>
    <csvcategory>DEFAULT</csvcategory>
    <csvinstructions>null</csvinstructions>
    <csviconName>wt/clients/images/assignactvty.gif</csviconName>
    <csvduration>0</csvduration>
    <csvprocessDuration>0</csvprocessDuration>
    <csvstartDelay>0</csvstartDelay>
    <csvstartProcessDelay>0</csvstartProcessDelay>
    <csvnotifyBeforeDeadline>false</csvnotifyBeforeDeadline>
    <csvtimeToDeadline>0</csvtimeToDeadline>
    <csvnotifyAfterDeadline>false</csvnotifyAfterDeadline>
    <csvtimePastDeadline>0</csvtimePastDeadline>
    <csvresponsibleRole></csvresponsibleRole>
    <csvtask>WfTask</csvtask>
    <csvsendNotification>false</csvsendNotification>
    <csvlocalProject></csvlocalProject>
    <csvvariableProject>null</csvvariableProject>
    <csvsigningRequired>false</csvsigningRequired>
  </csvWfAssignedActivityTemplateBegin>
  <csvWfVariable handler="wt.workflow.definer.LoadWorkflow.addVariable">
    <csvname>primaryBusinessObject</csvname>
    <csvtype>wt.fc.WTObject</csvtype>
    <csvrequired>false</csvrequired>
    <csvvisible>true</csvvisible>
    <csvmutable>true</csvmutable>
    <csvresetable>true</csvresetable>
    <csvinitializeFrom>primaryBusinessObject</csvinitializeFrom>
    <csvcopyInto>primaryBusinessObject</csvcopyInto>
    <csvdefaultValue></csvdefaultValue>
    <csvpermissionList>0</csvpermissionList>
    <csvreadOnly>false</csvreadOnly>
    <csvdisplayNames></csvdisplayNames>
  </csvWfVariable>
  <csvWfRoleAssignee handler="wt.workflow.definer.LoadWorkflow.addRoleAssignee">
    <csvrole>HUIQIAN</csvrole>
    <csvrequired>true</csvrequired>
    <csvcompletionPolicyType>ALL</csvcompletionPolicyType>
    <csvcompletionPolicyValue>0</csvcompletionPolicyValue>
  </csvWfRoleAssignee>
  <csvWfAuditAction handler="wt.workflow.definer.LoadWorkflow.addAuditAction">
    <csvauditAction>ACTIVITY_ASSIGNMENT_CHANGED</csvauditAction>
    <csvauditActionFlag>true</csvauditActionFlag>
  </csvWfAuditAction>
  <csvWfAuditAction handler="wt.workflow.definer.LoadWorkflow.addAuditAction">
    <csvauditAction>EXECUTION_ERROR</csvauditAction>
    <csvauditActionFlag>true</csvauditActionFlag>
  </csvWfAuditAction>
  <csvWfVotingAction handler="wt.workflow.definer.LoadWorkflow.addVotingAction">
    <csvvotingAction>RECORD_VOTING</csvvotingAction>
    <csvvotingActionFlag>true</csvvotingActionFlag>
  </csvWfVotingAction>
  <csvWfIgnoreUnresolvedRoleAction handler="wt.workflow.definer.LoadWorkflow.addIgnoreUnresolvedRoleAction">
    <csvignoreUnresolvedRoleAction>IGNOREUNRESOLVED_ROLE</csvignoreUnresolvedRoleAction>
    <csvignoreUnresolvedRoleActionFlag>true</csvignoreUnresolvedRoleActionFlag>
  </csvWfIgnoreUnresolvedRoleAction>
  <csvRenderChoice handler="wt.workflow.definer.LoadWorkflow.renderTemplate"><csvrender>HTML</csvrender></csvRenderChoice>
  <csvTaskFormTemplate handler="wt.workflow.definer.LoadWorkflow.saveTaskFormTemplate"><csvTemplateName>default</csvTemplateName></csvTaskFormTemplate>
  <csvWfAssignedActivityTemplateEnd handler="wt.workflow.definer.LoadWorkflow.saveAssignedActivityTemplate"></csvWfAssignedActivityTemplateEnd>
  <csvWfAssignedActivityTemplateBegin handler="wt.workflow.definer.LoadWorkflow.createAssignedActivityTemplate">
    <csvxCoordinate>742</csvxCoordinate>
    <csvyCoordinate>146</csvyCoordinate>
    <csvrouterType>MANUAL_EXCLUSIVE</csvrouterType>
    <csvroutingEvents>通过/驳回/</csvroutingEvents>
    <csvautoRoutingExpression></csvautoRoutingExpression>
    <csvuniqueId>wt.workflow.definer.WfAssignedActivityTemplate:1193762</csvuniqueId>
    <csvname>批准</csvname>
    <csvdescription>null</csvdescription>
    <csvcategory>DEFAULT</csvcategory>
    <csvinstructions>null</csvinstructions>
    <csviconName>wt/clients/images/assignactvty.gif</csviconName>
    <csvduration>0</csvduration>
    <csvprocessDuration>0</csvprocessDuration>
    <csvstartDelay>0</csvstartDelay>
    <csvstartProcessDelay>0</csvstartProcessDelay>
    <csvnotifyBeforeDeadline>false</csvnotifyBeforeDeadline>
    <csvtimeToDeadline>0</csvtimeToDeadline>
    <csvnotifyAfterDeadline>false</csvnotifyAfterDeadline>
    <csvtimePastDeadline>0</csvtimePastDeadline>
    <csvresponsibleRole></csvresponsibleRole>
    <csvtask>WfTask</csvtask>
    <csvsendNotification>false</csvsendNotification>
    <csvlocalProject></csvlocalProject>
    <csvvariableProject>null</csvvariableProject>
    <csvsigningRequired>false</csvsigningRequired>
  </csvWfAssignedActivityTemplateBegin>
  <csvWfVariable handler="wt.workflow.definer.LoadWorkflow.addVariable">
    <csvname>primaryBusinessObject</csvname>
    <csvtype>wt.fc.WTObject</csvtype>
    <csvrequired>false</csvrequired>
    <csvvisible>true</csvvisible>
    <csvmutable>true</csvmutable>
    <csvresetable>true</csvresetable>
    <csvinitializeFrom>primaryBusinessObject</csvinitializeFrom>
    <csvcopyInto>primaryBusinessObject</csvcopyInto>
    <csvdefaultValue></csvdefaultValue>
    <csvpermissionList>0</csvpermissionList>
    <csvreadOnly>false</csvreadOnly>
    <csvdisplayNames></csvdisplayNames>
  </csvWfVariable>
  <csvWfRoleAssignee handler="wt.workflow.definer.LoadWorkflow.addRoleAssignee">
    <csvrole>APPROVER</csvrole>
    <csvrequired>true</csvrequired>
    <csvcompletionPolicyType>ANY</csvcompletionPolicyType>
    <csvcompletionPolicyValue>0</csvcompletionPolicyValue>
  </csvWfRoleAssignee>
  <csvWfRoleSetup handler="wt.workflow.definer.LoadWorkflow.addRoleSetup">
    <csvassigneeType>Role</csvassigneeType>
    <csvassigneeName>APPROVER</csvassigneeName>
    <csvrole>HUIQIAN</csvrole>
    <csvviewPermission>true</csvviewPermission>
    <csvaddPermission>false</csvaddPermission>
    <csvremovePermission>false</csvremovePermission>
  </csvWfRoleSetup>
  <csvWfRoleSetup handler="wt.workflow.definer.LoadWorkflow.addRoleSetup">
    <csvassigneeType>Role</csvassigneeType>
    <csvassigneeName>APPROVER</csvassigneeName>
    <csvrole>APPROVER</csvrole>
    <csvviewPermission>true</csvviewPermission>
    <csvaddPermission>false</csvaddPermission>
    <csvremovePermission>false</csvremovePermission>
  </csvWfRoleSetup>
  <csvWfAuditAction handler="wt.workflow.definer.LoadWorkflow.addAuditAction">
    <csvauditAction>ACTIVITY_ASSIGNMENT_CHANGED</csvauditAction>
    <csvauditActionFlag>true</csvauditActionFlag>
  </csvWfAuditAction>
  <csvWfAuditAction handler="wt.workflow.definer.LoadWorkflow.addAuditAction">
    <csvauditAction>EXECUTION_ERROR</csvauditAction>
    <csvauditActionFlag>true</csvauditActionFlag>
  </csvWfAuditAction>
  <csvWfVotingAction handler="wt.workflow.definer.LoadWorkflow.addVotingAction">
    <csvvotingAction>RECORD_VOTING</csvvotingAction>
    <csvvotingActionFlag>true</csvvotingActionFlag>
  </csvWfVotingAction>
  <csvWfIgnoreUnresolvedRoleAction handler="wt.workflow.definer.LoadWorkflow.addIgnoreUnresolvedRoleAction">
    <csvignoreUnresolvedRoleAction>IGNOREUNRESOLVED_ROLE</csvignoreUnresolvedRoleAction>
    <csvignoreUnresolvedRoleActionFlag>true</csvignoreUnresolvedRoleActionFlag>
  </csvWfIgnoreUnresolvedRoleAction>
  <csvRenderChoice handler="wt.workflow.definer.LoadWorkflow.renderTemplate"><csvrender>HTML</csvrender></csvRenderChoice>
  <csvTaskFormTemplate handler="wt.workflow.definer.LoadWorkflow.saveTaskFormTemplate"><csvTemplateName>default</csvTemplateName></csvTaskFormTemplate>
  <csvWfAssignedActivityTemplateEnd handler="wt.workflow.definer.LoadWorkflow.saveAssignedActivityTemplate"></csvWfAssignedActivityTemplateEnd>
  <csvWfExprRobotTemplateBegin handler="wt.workflow.definer.LoadWorkflow.createExprRobotTemplate">
    <csvxCoordinate>335</csvxCoordinate>
    <csvyCoordinate>101</csvyCoordinate>
    <csvrouterType>NONE</csvrouterType>
    <csvroutingEvents></csvroutingEvents>
    <csvautoRoutingExpression></csvautoRoutingExpression>
    <csvuniqueId>wt.workflow.definer.WfExprRobotTemplate:1193764</csvuniqueId>
    <csvname>保存编制者</csvname>
    <csvdescription>null</csvdescription>
    <csvcategory>DEFAULT</csvcategory>
    <csvinstructions></csvinstructions>
    <csviconName>wt/clients/images/methrobt.gif</csviconName>
    <csvduration>0</csvduration>
    <csvprocessDuration>0</csvprocessDuration>
    <csvstartDelay>0</csvstartDelay>
    <csvstartProcessDelay>0</csvstartProcessDelay>
    <csvnotifyBeforeDeadline>false</csvnotifyBeforeDeadline>
    <csvtimeToDeadline>0</csvtimeToDeadline>
    <csvnotifyAfterDeadline>false</csvnotifyAfterDeadline>
    <csvtimePastDeadline>0</csvtimePastDeadline>
    <csvresponsibleRole></csvresponsibleRole>
    <csvhost>localhost</csvhost>
  </csvWfExprRobotTemplateBegin>
  <csvWfVariable handler="wt.workflow.definer.LoadWorkflow.addVariable">
    <csvname>primaryBusinessObject</csvname>
    <csvtype>wt.fc.WTObject</csvtype>
    <csvrequired>false</csvrequired>
    <csvvisible>true</csvvisible>
    <csvmutable>true</csvmutable>
    <csvresetable>true</csvresetable>
    <csvinitializeFrom>primaryBusinessObject</csvinitializeFrom>
    <csvcopyInto>primaryBusinessObject</csvcopyInto>
    <csvdefaultValue></csvdefaultValue>
    <csvpermissionList>0</csvpermissionList>
    <csvreadOnly>false</csvreadOnly>
    <csvdisplayNames></csvdisplayNames>
  </csvWfVariable>
  <csvWfExpression handler="wt.workflow.definer.LoadWorkflow.addExpression">
    <csvexpression>_ROBOT_EXPRESSION_</csvexpression>
    <csvexprBody>ext.technicalconditions.util.WfUtil.saveSignInfo2(self#primaryBusinessObject#&quot;sign_Preparor&quot;);</csvexprBody>
    <csvcheckSyntax>false</csvcheckSyntax>
  </csvWfExpression>
  <csvWfExprRobotTemplateEnd handler="wt.workflow.definer.LoadWorkflow.saveExprRobotTemplate"></csvWfExprRobotTemplateEnd>
  <csvWfExprRobotTemplateBegin handler="wt.workflow.definer.LoadWorkflow.createExprRobotTemplate">
    <csvxCoordinate>584</csvxCoordinate>
    <csvyCoordinate>145</csvyCoordinate>
    <csvrouterType>NONE</csvrouterType>
    <csvroutingEvents></csvroutingEvents>
    <csvautoRoutingExpression></csvautoRoutingExpression>
    <csvuniqueId>wt.workflow.definer.WfExprRobotTemplate:1193767</csvuniqueId>
    <csvname>保存会签者</csvname>
    <csvdescription>null</csvdescription>
    <csvcategory>DEFAULT</csvcategory>
    <csvinstructions></csvinstructions>
    <csviconName>wt/clients/images/methrobt.gif</csviconName>
    <csvduration>0</csvduration>
    <csvprocessDuration>0</csvprocessDuration>
    <csvstartDelay>0</csvstartDelay>
    <csvstartProcessDelay>0</csvstartProcessDelay>
    <csvnotifyBeforeDeadline>false</csvnotifyBeforeDeadline>
    <csvtimeToDeadline>0</csvtimeToDeadline>
    <csvnotifyAfterDeadline>false</csvnotifyAfterDeadline>
    <csvtimePastDeadline>0</csvtimePastDeadline>
    <csvresponsibleRole></csvresponsibleRole>
    <csvhost>localhost</csvhost>
  </csvWfExprRobotTemplateBegin>
  <csvWfVariable handler="wt.workflow.definer.LoadWorkflow.addVariable">
    <csvname>primaryBusinessObject</csvname>
    <csvtype>wt.fc.WTObject</csvtype>
    <csvrequired>false</csvrequired>
    <csvvisible>true</csvvisible>
    <csvmutable>true</csvmutable>
    <csvresetable>true</csvresetable>
    <csvinitializeFrom>primaryBusinessObject</csvinitializeFrom>
    <csvcopyInto>primaryBusinessObject</csvcopyInto>
    <csvdefaultValue></csvdefaultValue>
    <csvpermissionList>0</csvpermissionList>
    <csvreadOnly>false</csvreadOnly>
    <csvdisplayNames></csvdisplayNames>
  </csvWfVariable>
  <csvWfExpression handler="wt.workflow.definer.LoadWorkflow.addExpression">
    <csvexpression>_ROBOT_EXPRESSION_</csvexpression>
    <csvexprBody>ext.technicalconditions.util.WfUtil.saveSignInfo2(self#primaryBusinessObject#&quot;sign_Countersigner&quot;);</csvexprBody>
    <csvcheckSyntax>false</csvcheckSyntax>
  </csvWfExpression>
  <csvWfExprRobotTemplateEnd handler="wt.workflow.definer.LoadWorkflow.saveExprRobotTemplate"></csvWfExprRobotTemplateEnd>
  <csvWfExprRobotTemplateBegin handler="wt.workflow.definer.LoadWorkflow.createExprRobotTemplate">
    <csvxCoordinate>834</csvxCoordinate>
    <csvyCoordinate>145</csvyCoordinate>
    <csvrouterType>NONE</csvrouterType>
    <csvroutingEvents></csvroutingEvents>
    <csvautoRoutingExpression></csvautoRoutingExpression>
    <csvuniqueId>wt.workflow.definer.WfExprRobotTemplate:1193770</csvuniqueId>
    <csvname>保存批准者</csvname>
    <csvdescription>null</csvdescription>
    <csvcategory>DEFAULT</csvcategory>
    <csvinstructions></csvinstructions>
    <csviconName>wt/clients/images/methrobt.gif</csviconName>
    <csvduration>0</csvduration>
    <csvprocessDuration>0</csvprocessDuration>
    <csvstartDelay>0</csvstartDelay>
    <csvstartProcessDelay>0</csvstartProcessDelay>
    <csvnotifyBeforeDeadline>false</csvnotifyBeforeDeadline>
    <csvtimeToDeadline>0</csvtimeToDeadline>
    <csvnotifyAfterDeadline>false</csvnotifyAfterDeadline>
    <csvtimePastDeadline>0</csvtimePastDeadline>
    <csvresponsibleRole></csvresponsibleRole>
    <csvhost>localhost</csvhost>
  </csvWfExprRobotTemplateBegin>
  <csvWfVariable handler="wt.workflow.definer.LoadWorkflow.addVariable">
    <csvname>primaryBusinessObject</csvname>
    <csvtype>wt.fc.WTObject</csvtype>
    <csvrequired>false</csvrequired>
    <csvvisible>true</csvvisible>
    <csvmutable>true</csvmutable>
    <csvresetable>true</csvresetable>
    <csvinitializeFrom>primaryBusinessObject</csvinitializeFrom>
    <csvcopyInto>primaryBusinessObject</csvcopyInto>
    <csvdefaultValue></csvdefaultValue>
    <csvpermissionList>0</csvpermissionList>
    <csvreadOnly>false</csvreadOnly>
    <csvdisplayNames></csvdisplayNames>
  </csvWfVariable>
  <csvWfExpression handler="wt.workflow.definer.LoadWorkflow.addExpression">
    <csvexpression>_ROBOT_EXPRESSION_</csvexpression>
    <csvexprBody>ext.technicalconditions.util.WfUtil.saveSignInfo2(self#primaryBusinessObject#&quot;sign_Approver&quot;);</csvexprBody>
    <csvcheckSyntax>false</csvcheckSyntax>
  </csvWfExpression>
  <csvWfExprRobotTemplateEnd handler="wt.workflow.definer.LoadWorkflow.saveExprRobotTemplate"></csvWfExprRobotTemplateEnd>
  <csvWfInternalMethodTemplateBegin handler="wt.workflow.definer.LoadWorkflow.createInternalMethodTemplate">
    <csvxCoordinate>145</csvxCoordinate>
    <csvyCoordinate>462</csvyCoordinate>
    <csvrouterType>NONE</csvrouterType>
    <csvroutingEvents></csvroutingEvents>
    <csvautoRoutingExpression></csvautoRoutingExpression>
    <csvuniqueId>wt.workflow.definer.WfInternalMethodTemplate:1193773</csvuniqueId>
    <csvname>设置状态_作废</csvname>
    <csvdescription>null</csvdescription>
    <csvcategory>DEFAULT</csvcategory>
    <csvinstructions></csvinstructions>
    <csviconName>wt/clients/images/genrobt.gif</csviconName>
    <csvduration>0</csvduration>
    <csvprocessDuration>0</csvprocessDuration>
    <csvstartDelay>0</csvstartDelay>
    <csvstartProcessDelay>0</csvstartProcessDelay>
    <csvnotifyBeforeDeadline>false</csvnotifyBeforeDeadline>
    <csvtimeToDeadline>0</csvtimeToDeadline>
    <csvnotifyAfterDeadline>false</csvnotifyAfterDeadline>
    <csvtimePastDeadline>0</csvtimePastDeadline>
    <csvresponsibleRole></csvresponsibleRole>
    <csvhost>localhost</csvhost>
    <csvserviceName>wt.lifecycle.LifeCycleService</csvserviceName>
    <csvmethodName>setState</csvmethodName>
    <csvmethodReturn>null</csvmethodReturn>
  </csvWfInternalMethodTemplateBegin>
  <csvWfVariable handler="wt.workflow.definer.LoadWorkflow.addVariable">
    <csvname>primaryBusinessObject</csvname>
    <csvtype>wt.fc.WTObject</csvtype>
    <csvrequired>false</csvrequired>
    <csvvisible>true</csvvisible>
    <csvmutable>true</csvmutable>
    <csvresetable>true</csvresetable>
    <csvinitializeFrom>primaryBusinessObject</csvinitializeFrom>
    <csvcopyInto>primaryBusinessObject</csvcopyInto>
    <csvdefaultValue></csvdefaultValue>
    <csvpermissionList>0</csvpermissionList>
    <csvreadOnly>false</csvreadOnly>
    <csvdisplayNames></csvdisplayNames>
  </csvWfVariable>
  <csvWfVariable handler="wt.workflow.definer.LoadWorkflow.addVariable">
    <csvname>aState</csvname>
    <csvtype>wt.lifecycle.State</csvtype>
    <csvrequired>false</csvrequired>
    <csvvisible>false</csvvisible>
    <csvmutable>true</csvmutable>
    <csvresetable>true</csvresetable>
    <csvinitializeFrom></csvinitializeFrom>
    <csvcopyInto></csvcopyInto>
    <csvdefaultValue>XBC_CANCELLATION</csvdefaultValue>
    <csvpermissionList>0</csvpermissionList>
    <csvreadOnly>false</csvreadOnly>
    <csvdisplayNames></csvdisplayNames>
  </csvWfVariable>
  <csvWfSignature handler="wt.workflow.definer.LoadWorkflow.addSignature"><csvsignature>primaryBusinessObject</csvsignature></csvWfSignature>
  <csvWfSignature handler="wt.workflow.definer.LoadWorkflow.addSignature"><csvsignature>aState</csvsignature></csvWfSignature>
  <csvWfInternalMethodTemplateEnd handler="wt.workflow.definer.LoadWorkflow.saveInternalMethodTemplate"></csvWfInternalMethodTemplateEnd>
  <csvWfInternalMethodTemplateBegin handler="wt.workflow.definer.LoadWorkflow.createInternalMethodTemplate">
    <csvxCoordinate>952</csvxCoordinate>
    <csvyCoordinate>249</csvyCoordinate>
    <csvrouterType>NONE</csvrouterType>
    <csvroutingEvents></csvroutingEvents>
    <csvautoRoutingExpression></csvautoRoutingExpression>
    <csvuniqueId>wt.workflow.definer.WfInternalMethodTemplate:1193775</csvuniqueId>
    <csvname>设置状态_已发布</csvname>
    <csvdescription>null</csvdescription>
    <csvcategory>DEFAULT</csvcategory>
    <csvinstructions></csvinstructions>
    <csviconName>wt/clients/images/genrobt.gif</csviconName>
    <csvduration>0</csvduration>
    <csvprocessDuration>0</csvprocessDuration>
    <csvstartDelay>0</csvstartDelay>
    <csvstartProcessDelay>0</csvstartProcessDelay>
    <csvnotifyBeforeDeadline>false</csvnotifyBeforeDeadline>
    <csvtimeToDeadline>0</csvtimeToDeadline>
    <csvnotifyAfterDeadline>false</csvnotifyAfterDeadline>
    <csvtimePastDeadline>0</csvtimePastDeadline>
    <csvresponsibleRole></csvresponsibleRole>
    <csvhost>localhost</csvhost>
    <csvserviceName>wt.lifecycle.LifeCycleService</csvserviceName>
    <csvmethodName>setState</csvmethodName>
    <csvmethodReturn>null</csvmethodReturn>
  </csvWfInternalMethodTemplateBegin>
  <csvWfVariable handler="wt.workflow.definer.LoadWorkflow.addVariable">
    <csvname>primaryBusinessObject</csvname>
    <csvtype>wt.fc.WTObject</csvtype>
    <csvrequired>false</csvrequired>
    <csvvisible>true</csvvisible>
    <csvmutable>true</csvmutable>
    <csvresetable>true</csvresetable>
    <csvinitializeFrom>primaryBusinessObject</csvinitializeFrom>
    <csvcopyInto>primaryBusinessObject</csvcopyInto>
    <csvdefaultValue></csvdefaultValue>
    <csvpermissionList>0</csvpermissionList>
    <csvreadOnly>false</csvreadOnly>
    <csvdisplayNames></csvdisplayNames>
  </csvWfVariable>
  <csvWfVariable handler="wt.workflow.definer.LoadWorkflow.addVariable">
    <csvname>aState</csvname>
    <csvtype>wt.lifecycle.State</csvtype>
    <csvrequired>false</csvrequired>
    <csvvisible>false</csvvisible>
    <csvmutable>true</csvmutable>
    <csvresetable>true</csvresetable>
    <csvinitializeFrom></csvinitializeFrom>
    <csvcopyInto></csvcopyInto>
    <csvdefaultValue>RELEASED</csvdefaultValue>
    <csvpermissionList>0</csvpermissionList>
    <csvreadOnly>false</csvreadOnly>
    <csvdisplayNames></csvdisplayNames>
  </csvWfVariable>
  <csvWfSignature handler="wt.workflow.definer.LoadWorkflow.addSignature"><csvsignature>primaryBusinessObject</csvsignature></csvWfSignature>
  <csvWfSignature handler="wt.workflow.definer.LoadWorkflow.addSignature"><csvsignature>aState</csvsignature></csvWfSignature>
  <csvWfInternalMethodTemplateEnd handler="wt.workflow.definer.LoadWorkflow.saveInternalMethodTemplate"></csvWfInternalMethodTemplateEnd>
  <csvWfInternalMethodTemplateBegin handler="wt.workflow.definer.LoadWorkflow.createInternalMethodTemplate">
    <csvxCoordinate>255</csvxCoordinate>
    <csvyCoordinate>146</csvyCoordinate>
    <csvrouterType>NONE</csvrouterType>
    <csvroutingEvents></csvroutingEvents>
    <csvautoRoutingExpression></csvautoRoutingExpression>
    <csvuniqueId>wt.workflow.definer.WfInternalMethodTemplate:1193777</csvuniqueId>
    <csvname>设置状态_签审中</csvname>
    <csvdescription>null</csvdescription>
    <csvcategory>DEFAULT</csvcategory>
    <csvinstructions></csvinstructions>
    <csviconName>wt/clients/images/genrobt.gif</csviconName>
    <csvduration>0</csvduration>
    <csvprocessDuration>0</csvprocessDuration>
    <csvstartDelay>0</csvstartDelay>
    <csvstartProcessDelay>0</csvstartProcessDelay>
    <csvnotifyBeforeDeadline>false</csvnotifyBeforeDeadline>
    <csvtimeToDeadline>0</csvtimeToDeadline>
    <csvnotifyAfterDeadline>false</csvnotifyAfterDeadline>
    <csvtimePastDeadline>0</csvtimePastDeadline>
    <csvresponsibleRole></csvresponsibleRole>
    <csvhost>localhost</csvhost>
    <csvserviceName>wt.lifecycle.LifeCycleService</csvserviceName>
    <csvmethodName>setState</csvmethodName>
    <csvmethodReturn>null</csvmethodReturn>
  </csvWfInternalMethodTemplateBegin>
  <csvWfVariable handler="wt.workflow.definer.LoadWorkflow.addVariable">
    <csvname>primaryBusinessObject</csvname>
    <csvtype>wt.fc.WTObject</csvtype>
    <csvrequired>false</csvrequired>
    <csvvisible>true</csvvisible>
    <csvmutable>true</csvmutable>
    <csvresetable>true</csvresetable>
    <csvinitializeFrom>primaryBusinessObject</csvinitializeFrom>
    <csvcopyInto>primaryBusinessObject</csvcopyInto>
    <csvdefaultValue></csvdefaultValue>
    <csvpermissionList>0</csvpermissionList>
    <csvreadOnly>false</csvreadOnly>
    <csvdisplayNames></csvdisplayNames>
  </csvWfVariable>
  <csvWfVariable handler="wt.workflow.definer.LoadWorkflow.addVariable">
    <csvname>aState</csvname>
    <csvtype>wt.lifecycle.State</csvtype>
    <csvrequired>false</csvrequired>
    <csvvisible>false</csvvisible>
    <csvmutable>true</csvmutable>
    <csvresetable>true</csvresetable>
    <csvinitializeFrom></csvinitializeFrom>
    <csvcopyInto></csvcopyInto>
    <csvdefaultValue>XBC_UNDERREVIEW</csvdefaultValue>
    <csvpermissionList>0</csvpermissionList>
    <csvreadOnly>false</csvreadOnly>
    <csvdisplayNames></csvdisplayNames>
  </csvWfVariable>
  <csvWfSignature handler="wt.workflow.definer.LoadWorkflow.addSignature"><csvsignature>primaryBusinessObject</csvsignature></csvWfSignature>
  <csvWfSignature handler="wt.workflow.definer.LoadWorkflow.addSignature"><csvsignature>aState</csvsignature></csvWfSignature>
  <csvWfInternalMethodTemplateEnd handler="wt.workflow.definer.LoadWorkflow.saveInternalMethodTemplate"></csvWfInternalMethodTemplateEnd>
  <csvWfConnectorTemplate handler="wt.workflow.definer.LoadWorkflow.createConnectorTemplate">
    <csvxCoordinate>659</csvxCoordinate>
    <csvyCoordinate>51</csvyCoordinate>
    <csvrouterType>CONDITIONAL</csvrouterType>
    <csvroutingEvents>有人/没人/</csvroutingEvents>
    <csvautoRoutingExpression>if(ext.technicalconditions.util.WfUtil.hasUserInRole(self#primaryBusinessObject#&quot;APPROVER&quot;)){@    result = &quot;有人&quot;;@}else{@     result = &quot;没人&quot;;@}</csvautoRoutingExpression>
    <csvuniqueId>wt.workflow.definer.WfConnectorTemplate:1193779</csvuniqueId>
    <csvfunction>OR</csvfunction>
    <csvtype>DEFAULT</csvtype>
    <csvthreshold>0</csvthreshold>
    <csvterminateActivities>false</csvterminateActivities>
  </csvWfConnectorTemplate>
  <csvWfConnectorTemplate handler="wt.workflow.definer.LoadWorkflow.createConnectorTemplate">
    <csvxCoordinate>419</csvxCoordinate>
    <csvyCoordinate>51</csvyCoordinate>
    <csvrouterType>CONDITIONAL</csvrouterType>
    <csvroutingEvents>有人/没人/</csvroutingEvents>
    <csvautoRoutingExpression>if(ext.technicalconditions.util.WfUtil.hasUserInRole(self#primaryBusinessObject#&quot;HUIQIAN&quot;)){@    result = &quot;有人&quot;;@}else{@     result = &quot;没人&quot;;@}</csvautoRoutingExpression>
    <csvuniqueId>wt.workflow.definer.WfConnectorTemplate:1193781</csvuniqueId>
    <csvfunction>OR</csvfunction>
    <csvtype>DEFAULT</csvtype>
    <csvthreshold>0</csvthreshold>
    <csvterminateActivities>false</csvterminateActivities>
  </csvWfConnectorTemplate>
  <csvWfConnectorTemplate handler="wt.workflow.definer.LoadWorkflow.createConnectorTemplate">
    <csvxCoordinate>951</csvxCoordinate>
    <csvyCoordinate>146</csvyCoordinate>
    <csvrouterType>NONE</csvrouterType>
    <csvroutingEvents></csvroutingEvents>
    <csvautoRoutingExpression></csvautoRoutingExpression>
    <csvuniqueId>wt.workflow.definer.WfConnectorTemplate:1193783</csvuniqueId>
    <csvfunction>OR</csvfunction>
    <csvtype>DEFAULT</csvtype>
    <csvthreshold>0</csvthreshold>
    <csvterminateActivities>true</csvterminateActivities>
  </csvWfConnectorTemplate>
  <csvWfConnectorTemplate handler="wt.workflow.definer.LoadWorkflow.createConnectorTemplate">
    <csvxCoordinate>619</csvxCoordinate>
    <csvyCoordinate>384</csvyCoordinate>
    <csvrouterType>NONE</csvrouterType>
    <csvroutingEvents></csvroutingEvents>
    <csvautoRoutingExpression></csvautoRoutingExpression>
    <csvuniqueId>wt.workflow.definer.WfConnectorTemplate:1193784</csvuniqueId>
    <csvfunction>OR</csvfunction>
    <csvtype>DEFAULT</csvtype>
    <csvthreshold>0</csvthreshold>
    <csvterminateActivities>true</csvterminateActivities>
  </csvWfConnectorTemplate>
  <csvWfConnectorTemplate handler="wt.workflow.definer.LoadWorkflow.createConnectorTemplate">
    <csvxCoordinate>145</csvxCoordinate>
    <csvyCoordinate>383</csvyCoordinate>
    <csvrouterType>NONE</csvrouterType>
    <csvroutingEvents></csvroutingEvents>
    <csvautoRoutingExpression></csvautoRoutingExpression>
    <csvuniqueId>wt.workflow.definer.WfConnectorTemplate:1193785</csvuniqueId>
    <csvfunction>OR</csvfunction>
    <csvtype>DEFAULT</csvtype>
    <csvthreshold>0</csvthreshold>
    <csvterminateActivities>true</csvterminateActivities>
  </csvWfConnectorTemplate>
  <csvWfConnectorTemplate handler="wt.workflow.definer.LoadWorkflow.createConnectorTemplate">
    <csvxCoordinate>309</csvxCoordinate>
    <csvyCoordinate>462</csvyCoordinate>
    <csvrouterType>NONE</csvrouterType>
    <csvroutingEvents></csvroutingEvents>
    <csvautoRoutingExpression></csvautoRoutingExpression>
    <csvuniqueId>wt.workflow.definer.WfConnectorTemplate:1193786</csvuniqueId>
    <csvfunction>OR</csvfunction>
    <csvtype>DEFAULT</csvtype>
    <csvthreshold>0</csvthreshold>
    <csvterminateActivities>true</csvterminateActivities>
  </csvWfConnectorTemplate>
  <csvWfConnectorTemplate handler="wt.workflow.definer.LoadWorkflow.createConnectorTemplate">
    <csvxCoordinate>952</csvxCoordinate>
    <csvyCoordinate>462</csvyCoordinate>
    <csvrouterType>NONE</csvrouterType>
    <csvroutingEvents></csvroutingEvents>
    <csvautoRoutingExpression></csvautoRoutingExpression>
    <csvuniqueId>wt.workflow.definer.WfConnectorTemplate:1193787</csvuniqueId>
    <csvfunction>AND</csvfunction>
    <csvtype>END</csvtype>
    <csvthreshold>0</csvthreshold>
    <csvterminateActivities>false</csvterminateActivities>
  </csvWfConnectorTemplate>
  <csvWfConnectorTemplate handler="wt.workflow.definer.LoadWorkflow.createConnectorTemplate">
    <csvxCoordinate>44</csvxCoordinate>
    <csvyCoordinate>146</csvyCoordinate>
    <csvrouterType>NONE</csvrouterType>
    <csvroutingEvents></csvroutingEvents>
    <csvautoRoutingExpression></csvautoRoutingExpression>
    <csvuniqueId>wt.workflow.definer.WfConnectorTemplate:1193788</csvuniqueId>
    <csvfunction>OR</csvfunction>
    <csvtype>START</csvtype>
    <csvthreshold>0</csvthreshold>
    <csvterminateActivities>false</csvterminateActivities>
  </csvWfConnectorTemplate>
  <csvWfNodeTemplateLinkBegin handler="wt.workflow.definer.LoadWorkflow.createNodeTemplateLink">
    <csvsourceNode>wt.workflow.definer.WfAssignedActivityTemplate:1193762</csvsourceNode>
    <csvdestNode>wt.workflow.definer.WfExprRobotTemplate:1193770</csvdestNode>
    <csvbackLoop>false</csvbackLoop>
  </csvWfNodeTemplateLinkBegin>
  <csvWfEventActionPair handler="wt.workflow.definer.LoadWorkflow.addEventActionPair">
    <csvevent>通过</csvevent>
    <csvaction>START</csvaction>
  </csvWfEventActionPair>
  <csvWfNodeTemplateLinkEnd handler="wt.workflow.definer.LoadWorkflow.saveNodeTemplateLink"></csvWfNodeTemplateLinkEnd>
  <csvWfNodeTemplateLinkBegin handler="wt.workflow.definer.LoadWorkflow.createNodeTemplateLink">
    <csvsourceNode>wt.workflow.definer.WfExprRobotTemplate:1193767</csvsourceNode>
    <csvdestNode>wt.workflow.definer.WfConnectorTemplate:1193779</csvdestNode>
    <csvbackLoop>false</csvbackLoop>
  </csvWfNodeTemplateLinkBegin>
  <csvWfEventActionPair handler="wt.workflow.definer.LoadWorkflow.addEventActionPair">
    <csvevent>COMPLETE</csvevent>
    <csvaction>FIRE</csvaction>
  </csvWfEventActionPair>
  <csvWfNodeTemplateLinkEnd handler="wt.workflow.definer.LoadWorkflow.saveNodeTemplateLink"></csvWfNodeTemplateLinkEnd>
  <csvWfNodeTemplateLinkBegin handler="wt.workflow.definer.LoadWorkflow.createNodeTemplateLink">
    <csvsourceNode>wt.workflow.definer.WfExprRobotTemplate:1193770</csvsourceNode>
    <csvdestNode>wt.workflow.definer.WfConnectorTemplate:1193783</csvdestNode>
    <csvbackLoop>false</csvbackLoop>
  </csvWfNodeTemplateLinkBegin>
  <csvWfEventActionPair handler="wt.workflow.definer.LoadWorkflow.addEventActionPair">
    <csvevent>COMPLETE</csvevent>
    <csvaction>FIRE</csvaction>
  </csvWfEventActionPair>
  <csvWfNodeTemplateLinkEnd handler="wt.workflow.definer.LoadWorkflow.saveNodeTemplateLink"></csvWfNodeTemplateLinkEnd>
  <csvWfNodeTemplateLinkBegin handler="wt.workflow.definer.LoadWorkflow.createNodeTemplateLink">
    <csvsourceNode>wt.workflow.definer.WfInternalMethodTemplate:1193775</csvsourceNode>
    <csvdestNode>wt.workflow.definer.WfConnectorTemplate:1193787</csvdestNode>
    <csvbackLoop>false</csvbackLoop>
  </csvWfNodeTemplateLinkBegin>
  <csvWfEventActionPair handler="wt.workflow.definer.LoadWorkflow.addEventActionPair">
    <csvevent>COMPLETE</csvevent>
    <csvaction>FIRE</csvaction>
  </csvWfEventActionPair>
  <csvWfNodeTemplateLinkEnd handler="wt.workflow.definer.LoadWorkflow.saveNodeTemplateLink"></csvWfNodeTemplateLinkEnd>
  <csvWfNodeTemplateLinkBegin handler="wt.workflow.definer.LoadWorkflow.createNodeTemplateLink">
    <csvsourceNode>wt.workflow.definer.WfInternalMethodTemplate:1193773</csvsourceNode>
    <csvdestNode>wt.workflow.definer.WfConnectorTemplate:1193786</csvdestNode>
    <csvbackLoop>false</csvbackLoop>
  </csvWfNodeTemplateLinkBegin>
  <csvWfEventActionPair handler="wt.workflow.definer.LoadWorkflow.addEventActionPair">
    <csvevent>COMPLETE</csvevent>
    <csvaction>FIRE</csvaction>
  </csvWfEventActionPair>
  <csvWfNodeTemplateLinkEnd handler="wt.workflow.definer.LoadWorkflow.saveNodeTemplateLink"></csvWfNodeTemplateLinkEnd>
  <csvWfNodeTemplateLinkBegin handler="wt.workflow.definer.LoadWorkflow.createNodeTemplateLink">
    <csvsourceNode>wt.workflow.definer.WfConnectorTemplate:1193784</csvsourceNode>
    <csvdestNode>wt.workflow.definer.WfAssignedActivityTemplate:1193751</csvdestNode>
    <csvbackLoop>true</csvbackLoop>
  </csvWfNodeTemplateLinkBegin>
  <csvWfEventActionPair handler="wt.workflow.definer.LoadWorkflow.addEventActionPair">
    <csvevent>FIRE</csvevent>
    <csvaction>START</csvaction>
  </csvWfEventActionPair>
  <csvWfNodeTemplateLinkEnd handler="wt.workflow.definer.LoadWorkflow.saveNodeTemplateLink"></csvWfNodeTemplateLinkEnd>
  <csvWfNodeTemplateLinkBegin handler="wt.workflow.definer.LoadWorkflow.createNodeTemplateLink">
    <csvsourceNode>wt.workflow.definer.WfConnectorTemplate:1193786</csvsourceNode>
    <csvdestNode>wt.workflow.definer.WfConnectorTemplate:1193787</csvdestNode>
    <csvbackLoop>false</csvbackLoop>
  </csvWfNodeTemplateLinkBegin>
  <csvWfEventActionPair handler="wt.workflow.definer.LoadWorkflow.addEventActionPair">
    <csvevent>FIRE</csvevent>
    <csvaction>FIRE</csvaction>
  </csvWfEventActionPair>
  <csvWfNodeTemplateLinkEnd handler="wt.workflow.definer.LoadWorkflow.saveNodeTemplateLink"></csvWfNodeTemplateLinkEnd>
  <csvWfNodeTemplateLinkBegin handler="wt.workflow.definer.LoadWorkflow.createNodeTemplateLink">
    <csvsourceNode>wt.workflow.definer.WfConnectorTemplate:1193779</csvsourceNode>
    <csvdestNode>wt.workflow.definer.WfConnectorTemplate:1193783</csvdestNode>
    <csvbackLoop>false</csvbackLoop>
  </csvWfNodeTemplateLinkBegin>
  <csvWfEventActionPair handler="wt.workflow.definer.LoadWorkflow.addEventActionPair">
    <csvevent>没人</csvevent>
    <csvaction>FIRE</csvaction>
  </csvWfEventActionPair>
  <csvWfNodeTemplateLinkEnd handler="wt.workflow.definer.LoadWorkflow.saveNodeTemplateLink"></csvWfNodeTemplateLinkEnd>
  <csvWfNodeTemplateLinkBegin handler="wt.workflow.definer.LoadWorkflow.createNodeTemplateLink">
    <csvsourceNode>wt.workflow.definer.WfAssignedActivityTemplate:1193759</csvsourceNode>
    <csvdestNode>wt.workflow.definer.WfConnectorTemplate:1193784</csvdestNode>
    <csvbackLoop>false</csvbackLoop>
  </csvWfNodeTemplateLinkBegin>
  <csvWfEventActionPair handler="wt.workflow.definer.LoadWorkflow.addEventActionPair">
    <csvevent>驳回</csvevent>
    <csvaction>FIRE</csvaction>
  </csvWfEventActionPair>
  <csvWfNodeTemplateLinkEnd handler="wt.workflow.definer.LoadWorkflow.saveNodeTemplateLink"></csvWfNodeTemplateLinkEnd>
  <csvWfNodeTemplateLinkBegin handler="wt.workflow.definer.LoadWorkflow.createNodeTemplateLink">
    <csvsourceNode>wt.workflow.definer.WfAssignedActivityTemplate:1193762</csvsourceNode>
    <csvdestNode>wt.workflow.definer.WfConnectorTemplate:1193784</csvdestNode>
    <csvbackLoop>false</csvbackLoop>
  </csvWfNodeTemplateLinkBegin>
  <csvWfEventActionPair handler="wt.workflow.definer.LoadWorkflow.addEventActionPair">
    <csvevent>驳回</csvevent>
    <csvaction>FIRE</csvaction>
  </csvWfEventActionPair>
  <csvWfNodeTemplateLinkEnd handler="wt.workflow.definer.LoadWorkflow.saveNodeTemplateLink"></csvWfNodeTemplateLinkEnd>
  <csvWfNodeTemplateLinkBegin handler="wt.workflow.definer.LoadWorkflow.createNodeTemplateLink">
    <csvsourceNode>wt.workflow.definer.WfConnectorTemplate:1193783</csvsourceNode>
    <csvdestNode>wt.workflow.definer.WfInternalMethodTemplate:1193775</csvdestNode>
    <csvbackLoop>false</csvbackLoop>
  </csvWfNodeTemplateLinkBegin>
  <csvWfEventActionPair handler="wt.workflow.definer.LoadWorkflow.addEventActionPair">
    <csvevent>FIRE</csvevent>
    <csvaction>START</csvaction>
  </csvWfEventActionPair>
  <csvWfNodeTemplateLinkEnd handler="wt.workflow.definer.LoadWorkflow.saveNodeTemplateLink"></csvWfNodeTemplateLinkEnd>
  <csvWfNodeTemplateLinkBegin handler="wt.workflow.definer.LoadWorkflow.createNodeTemplateLink">
    <csvsourceNode>wt.workflow.definer.WfConnectorTemplate:1193788</csvsourceNode>
    <csvdestNode>wt.workflow.definer.WfAssignedActivityTemplate:1193755</csvdestNode>
    <csvbackLoop>false</csvbackLoop>
  </csvWfNodeTemplateLinkBegin>
  <csvWfEventActionPair handler="wt.workflow.definer.LoadWorkflow.addEventActionPair">
    <csvevent>FIRE</csvevent>
    <csvaction>START</csvaction>
  </csvWfEventActionPair>
  <csvWfNodeTemplateLinkEnd handler="wt.workflow.definer.LoadWorkflow.saveNodeTemplateLink"></csvWfNodeTemplateLinkEnd>
  <csvWfNodeTemplateLinkBegin handler="wt.workflow.definer.LoadWorkflow.createNodeTemplateLink">
    <csvsourceNode>wt.workflow.definer.WfAssignedActivityTemplate:1193755</csvsourceNode>
    <csvdestNode>wt.workflow.definer.WfInternalMethodTemplate:1193777</csvdestNode>
    <csvbackLoop>false</csvbackLoop>
  </csvWfNodeTemplateLinkBegin>
  <csvWfEventActionPair handler="wt.workflow.definer.LoadWorkflow.addEventActionPair">
    <csvevent>提交</csvevent>
    <csvaction>START</csvaction>
  </csvWfEventActionPair>
  <csvWfNodeTemplateLinkEnd handler="wt.workflow.definer.LoadWorkflow.saveNodeTemplateLink"></csvWfNodeTemplateLinkEnd>
  <csvWfNodeTemplateLinkBegin handler="wt.workflow.definer.LoadWorkflow.createNodeTemplateLink">
    <csvsourceNode>wt.workflow.definer.WfConnectorTemplate:1193781</csvsourceNode>
    <csvdestNode>wt.workflow.definer.WfAssignedActivityTemplate:1193759</csvdestNode>
    <csvbackLoop>false</csvbackLoop>
  </csvWfNodeTemplateLinkBegin>
  <csvWfEventActionPair handler="wt.workflow.definer.LoadWorkflow.addEventActionPair">
    <csvevent>有人</csvevent>
    <csvaction>START</csvaction>
  </csvWfEventActionPair>
  <csvWfNodeTemplateLinkEnd handler="wt.workflow.definer.LoadWorkflow.saveNodeTemplateLink"></csvWfNodeTemplateLinkEnd>
  <csvWfNodeTemplateLinkBegin handler="wt.workflow.definer.LoadWorkflow.createNodeTemplateLink">
    <csvsourceNode>wt.workflow.definer.WfAssignedActivityTemplate:1193751</csvsourceNode>
    <csvdestNode>wt.workflow.definer.WfInternalMethodTemplate:1193777</csvdestNode>
    <csvbackLoop>false</csvbackLoop>
  </csvWfNodeTemplateLinkBegin>
  <csvWfEventActionPair handler="wt.workflow.definer.LoadWorkflow.addEventActionPair">
    <csvevent>提交</csvevent>
    <csvaction>START</csvaction>
  </csvWfEventActionPair>
  <csvWfNodeTemplateLinkEnd handler="wt.workflow.definer.LoadWorkflow.saveNodeTemplateLink"></csvWfNodeTemplateLinkEnd>
  <csvWfNodeTemplateLinkBegin handler="wt.workflow.definer.LoadWorkflow.createNodeTemplateLink">
    <csvsourceNode>wt.workflow.definer.WfAssignedActivityTemplate:1193751</csvsourceNode>
    <csvdestNode>wt.workflow.definer.WfConnectorTemplate:1193785</csvdestNode>
    <csvbackLoop>false</csvbackLoop>
  </csvWfNodeTemplateLinkBegin>
  <csvWfEventActionPair handler="wt.workflow.definer.LoadWorkflow.addEventActionPair">
    <csvevent>取消</csvevent>
    <csvaction>FIRE</csvaction>
  </csvWfEventActionPair>
  <csvWfNodeTemplateLinkEnd handler="wt.workflow.definer.LoadWorkflow.saveNodeTemplateLink"></csvWfNodeTemplateLinkEnd>
  <csvWfNodeTemplateLinkBegin handler="wt.workflow.definer.LoadWorkflow.createNodeTemplateLink">
    <csvsourceNode>wt.workflow.definer.WfAssignedActivityTemplate:1193755</csvsourceNode>
    <csvdestNode>wt.workflow.definer.WfConnectorTemplate:1193785</csvdestNode>
    <csvbackLoop>false</csvbackLoop>
  </csvWfNodeTemplateLinkBegin>
  <csvWfEventActionPair handler="wt.workflow.definer.LoadWorkflow.addEventActionPair">
    <csvevent>取消</csvevent>
    <csvaction>FIRE</csvaction>
  </csvWfEventActionPair>
  <csvWfNodeTemplateLinkEnd handler="wt.workflow.definer.LoadWorkflow.saveNodeTemplateLink"></csvWfNodeTemplateLinkEnd>
  <csvWfNodeTemplateLinkBegin handler="wt.workflow.definer.LoadWorkflow.createNodeTemplateLink">
    <csvsourceNode>wt.workflow.definer.WfConnectorTemplate:1193785</csvsourceNode>
    <csvdestNode>wt.workflow.definer.WfInternalMethodTemplate:1193773</csvdestNode>
    <csvbackLoop>false</csvbackLoop>
  </csvWfNodeTemplateLinkBegin>
  <csvWfEventActionPair handler="wt.workflow.definer.LoadWorkflow.addEventActionPair">
    <csvevent>FIRE</csvevent>
    <csvaction>START</csvaction>
  </csvWfEventActionPair>
  <csvWfNodeTemplateLinkEnd handler="wt.workflow.definer.LoadWorkflow.saveNodeTemplateLink"></csvWfNodeTemplateLinkEnd>
  <csvWfNodeTemplateLinkBegin handler="wt.workflow.definer.LoadWorkflow.createNodeTemplateLink">
    <csvsourceNode>wt.workflow.definer.WfConnectorTemplate:1193781</csvsourceNode>
    <csvdestNode>wt.workflow.definer.WfConnectorTemplate:1193779</csvdestNode>
    <csvbackLoop>false</csvbackLoop>
  </csvWfNodeTemplateLinkBegin>
  <csvWfEventActionPair handler="wt.workflow.definer.LoadWorkflow.addEventActionPair">
    <csvevent>没人</csvevent>
    <csvaction>FIRE</csvaction>
  </csvWfEventActionPair>
  <csvWfNodeTemplateLinkEnd handler="wt.workflow.definer.LoadWorkflow.saveNodeTemplateLink"></csvWfNodeTemplateLinkEnd>
  <csvWfNodeTemplateLinkBegin handler="wt.workflow.definer.LoadWorkflow.createNodeTemplateLink">
    <csvsourceNode>wt.workflow.definer.WfConnectorTemplate:1193779</csvsourceNode>
    <csvdestNode>wt.workflow.definer.WfAssignedActivityTemplate:1193762</csvdestNode>
    <csvbackLoop>false</csvbackLoop>
  </csvWfNodeTemplateLinkBegin>
  <csvWfEventActionPair handler="wt.workflow.definer.LoadWorkflow.addEventActionPair">
    <csvevent>有人</csvevent>
    <csvaction>START</csvaction>
  </csvWfEventActionPair>
  <csvWfNodeTemplateLinkEnd handler="wt.workflow.definer.LoadWorkflow.saveNodeTemplateLink"></csvWfNodeTemplateLinkEnd>
  <csvWfNodeTemplateLinkBegin handler="wt.workflow.definer.LoadWorkflow.createNodeTemplateLink">
    <csvsourceNode>wt.workflow.definer.WfInternalMethodTemplate:1193777</csvsourceNode>
    <csvdestNode>wt.workflow.definer.WfExprRobotTemplate:1193764</csvdestNode>
    <csvbackLoop>false</csvbackLoop>
  </csvWfNodeTemplateLinkBegin>
  <csvWfEventActionPair handler="wt.workflow.definer.LoadWorkflow.addEventActionPair">
    <csvevent>COMPLETE</csvevent>
    <csvaction>START</csvaction>
  </csvWfEventActionPair>
  <csvWfNodeTemplateLinkEnd handler="wt.workflow.definer.LoadWorkflow.saveNodeTemplateLink"></csvWfNodeTemplateLinkEnd>
  <csvWfNodeTemplateLinkBegin handler="wt.workflow.definer.LoadWorkflow.createNodeTemplateLink">
    <csvsourceNode>wt.workflow.definer.WfExprRobotTemplate:1193764</csvsourceNode>
    <csvdestNode>wt.workflow.definer.WfConnectorTemplate:1193781</csvdestNode>
    <csvbackLoop>false</csvbackLoop>
  </csvWfNodeTemplateLinkBegin>
  <csvWfEventActionPair handler="wt.workflow.definer.LoadWorkflow.addEventActionPair">
    <csvevent>COMPLETE</csvevent>
    <csvaction>FIRE</csvaction>
  </csvWfEventActionPair>
  <csvWfNodeTemplateLinkEnd handler="wt.workflow.definer.LoadWorkflow.saveNodeTemplateLink"></csvWfNodeTemplateLinkEnd>
  <csvWfNodeTemplateLinkBegin handler="wt.workflow.definer.LoadWorkflow.createNodeTemplateLink">
    <csvsourceNode>wt.workflow.definer.WfAssignedActivityTemplate:1193759</csvsourceNode>
    <csvdestNode>wt.workflow.definer.WfExprRobotTemplate:1193767</csvdestNode>
    <csvbackLoop>false</csvbackLoop>
  </csvWfNodeTemplateLinkBegin>
  <csvWfEventActionPair handler="wt.workflow.definer.LoadWorkflow.addEventActionPair">
    <csvevent>通过</csvevent>
    <csvaction>START</csvaction>
  </csvWfEventActionPair>
  <csvWfNodeTemplateLinkEnd handler="wt.workflow.definer.LoadWorkflow.saveNodeTemplateLink"></csvWfNodeTemplateLinkEnd>
  <csvWfProcessTemplateEnd handler="wt.workflow.definer.LoadWorkflow.saveProcessTemplate"></csvWfProcessTemplateEnd>
</NmLoader>