<?xml version="1.0" encoding="UTF-8" ?>
<!DOCTYPE NmLoader SYSTEM "standardX24.dtd">
<NmLoader>
  <csvWfProcessTemplateBegin handler="wt.workflow.definer.LoadWorkflow.createProcessTemplate">
    <csvxCoordinate>0</csvxCoordinate>
    <csvyCoordinate>0</csvyCoordinate>
    <csvrouterType>NONE</csvrouterType>
    <csvroutingEvents></csvroutingEvents>
    <csvautoRoutingExpression></csvautoRoutingExpression>
    <csvuniqueId>wt.workflow.definer.WfProcessTemplate:1206461</csvuniqueId>
    <csvname>TechnicalNoticeSheet_WF</csvname>
    <csvdescription></csvdescription>
    <csvcategory>DEFAULT</csvcategory>
    <csvinstructions></csvinstructions>
    <csviconName>null</csviconName>
    <csvduration>0</csvduration>
    <csvprocessDuration>0</csvprocessDuration>
    <csvstartDelay>0</csvstartDelay>
    <csvstartProcessDelay>0</csvstartProcessDelay>
    <csvnotifyBeforeDeadline>false</csvnotifyBeforeDeadline>
    <csvtimeToDeadline>0</csvtimeToDeadline>
    <csvnotifyAfterDeadline>false</csvnotifyAfterDeadline>
    <csvtimePastDeadline>0</csvtimePastDeadline>
    <csvresponsibleRole></csvresponsibleRole>
    <csvenabled>true</csvenabled>
    <csvfolderLocation>/System</csvfolderLocation>
    <csvdedicatedQueue>false</csvdedicatedQueue>
  </csvWfProcessTemplateBegin>
  <csvWfVariable handler="wt.workflow.definer.LoadWorkflow.addVariable">
    <csvname>primaryBusinessObject</csvname>
    <csvtype>wt.fc.WTObject</csvtype>
    <csvrequired>false</csvrequired>
    <csvvisible>true</csvvisible>
    <csvmutable>true</csvmutable>
    <csvresetable>true</csvresetable>
    <csvinitializeFrom></csvinitializeFrom>
    <csvcopyInto></csvcopyInto>
    <csvdefaultValue></csvdefaultValue>
    <csvpermissionList>0</csvpermissionList>
    <csvreadOnly>false</csvreadOnly>
    <csvdisplayNames></csvdisplayNames>
  </csvWfVariable>
  <csvWfAssignedActivityTemplateBegin handler="wt.workflow.definer.LoadWorkflow.createAssignedActivityTemplate">
    <csvxCoordinate>762</csvxCoordinate>
    <csvyCoordinate>156</csvyCoordinate>
    <csvrouterType>MANUAL_EXCLUSIVE</csvrouterType>
    <csvroutingEvents>通过/驳回/</csvroutingEvents>
    <csvautoRoutingExpression>Vector v = new Vector();@v.addElement(&quot;通过&quot;);@v.addElement(&quot;驳回&quot;);@Vector vResult = wt.workflow.work.WfTally.any(self#v);@if(vResult.contains(&quot;驳回&quot;)){@   result = &quot;驳回&quot;;@}else{@   vResult = WfTally.all(self#v);@   if( !vResult.isEmpty() ){@      result = (String)vResult.get(0);@  }@}</csvautoRoutingExpression>
    <csvuniqueId>wt.workflow.definer.WfAssignedActivityTemplate:1206470</csvuniqueId>
    <csvname>会签</csvname>
    <csvdescription>null</csvdescription>
    <csvcategory>DEFAULT</csvcategory>
    <csvinstructions>null</csvinstructions>
    <csviconName>wt/clients/images/assignactvty.gif</csviconName>
    <csvduration>0</csvduration>
    <csvprocessDuration>0</csvprocessDuration>
    <csvstartDelay>0</csvstartDelay>
    <csvstartProcessDelay>0</csvstartProcessDelay>
    <csvnotifyBeforeDeadline>false</csvnotifyBeforeDeadline>
    <csvtimeToDeadline>0</csvtimeToDeadline>
    <csvnotifyAfterDeadline>false</csvnotifyAfterDeadline>
    <csvtimePastDeadline>0</csvtimePastDeadline>
    <csvresponsibleRole></csvresponsibleRole>
    <csvtask>WfTask</csvtask>
    <csvsendNotification>false</csvsendNotification>
    <csvlocalProject></csvlocalProject>
    <csvvariableProject>null</csvvariableProject>
    <csvsigningRequired>false</csvsigningRequired>
  </csvWfAssignedActivityTemplateBegin>
  <csvWfVariable handler="wt.workflow.definer.LoadWorkflow.addVariable">
    <csvname>primaryBusinessObject</csvname>
    <csvtype>wt.fc.WTObject</csvtype>
    <csvrequired>false</csvrequired>
    <csvvisible>true</csvvisible>
    <csvmutable>true</csvmutable>
    <csvresetable>true</csvresetable>
    <csvinitializeFrom>primaryBusinessObject</csvinitializeFrom>
    <csvcopyInto>primaryBusinessObject</csvcopyInto>
    <csvdefaultValue></csvdefaultValue>
    <csvpermissionList>0</csvpermissionList>
    <csvreadOnly>false</csvreadOnly>
    <csvdisplayNames></csvdisplayNames>
  </csvWfVariable>
  <csvWfRoleAssignee handler="wt.workflow.definer.LoadWorkflow.addRoleAssignee">
    <csvrole>HUIQIAN</csvrole>
    <csvrequired>true</csvrequired>
    <csvcompletionPolicyType>ALL</csvcompletionPolicyType>
    <csvcompletionPolicyValue>0</csvcompletionPolicyValue>
  </csvWfRoleAssignee>
  <csvWfRoleSetup handler="wt.workflow.definer.LoadWorkflow.addRoleSetup">
    <csvassigneeType>Role</csvassigneeType>
    <csvassigneeName>HUIQIAN</csvassigneeName>
    <csvrole>HUIQIAN</csvrole>
    <csvviewPermission>true</csvviewPermission>
    <csvaddPermission>false</csvaddPermission>
    <csvremovePermission>false</csvremovePermission>
  </csvWfRoleSetup>
  <csvWfAuditAction handler="wt.workflow.definer.LoadWorkflow.addAuditAction">
    <csvauditAction>ACTIVITY_ASSIGNMENT_CHANGED</csvauditAction>
    <csvauditActionFlag>true</csvauditActionFlag>
  </csvWfAuditAction>
  <csvWfAuditAction handler="wt.workflow.definer.LoadWorkflow.addAuditAction">
    <csvauditAction>EXECUTION_ERROR</csvauditAction>
    <csvauditActionFlag>true</csvauditActionFlag>
  </csvWfAuditAction>
  <csvWfVotingAction handler="wt.workflow.definer.LoadWorkflow.addVotingAction">
    <csvvotingAction>RECORD_VOTING</csvvotingAction>
    <csvvotingActionFlag>true</csvvotingActionFlag>
  </csvWfVotingAction>
  <csvWfIgnoreUnresolvedRoleAction handler="wt.workflow.definer.LoadWorkflow.addIgnoreUnresolvedRoleAction">
    <csvignoreUnresolvedRoleAction>IGNOREUNRESOLVED_ROLE</csvignoreUnresolvedRoleAction>
    <csvignoreUnresolvedRoleActionFlag>true</csvignoreUnresolvedRoleActionFlag>
  </csvWfIgnoreUnresolvedRoleAction>
  <csvRenderChoice handler="wt.workflow.definer.LoadWorkflow.renderTemplate"><csvrender>HTML</csvrender></csvRenderChoice>
  <csvTaskFormTemplate handler="wt.workflow.definer.LoadWorkflow.saveTaskFormTemplate"><csvTemplateName>default</csvTemplateName></csvTaskFormTemplate>
  <csvWfAssignedActivityTemplateEnd handler="wt.workflow.definer.LoadWorkflow.saveAssignedActivityTemplate"></csvWfAssignedActivityTemplateEnd>
  <csvWfAssignedActivityTemplateBegin handler="wt.workflow.definer.LoadWorkflow.createAssignedActivityTemplate">
    <csvxCoordinate>145</csvxCoordinate>
    <csvyCoordinate>145</csvyCoordinate>
    <csvrouterType>MANUAL_EXCLUSIVE</csvrouterType>
    <csvroutingEvents>提交/取消/</csvroutingEvents>
    <csvautoRoutingExpression></csvautoRoutingExpression>
    <csvuniqueId>wt.workflow.definer.WfAssignedActivityTemplate:1206473</csvuniqueId>
    <csvname>编制</csvname>
    <csvdescription>null</csvdescription>
    <csvcategory>DEFAULT</csvcategory>
    <csvinstructions>null</csvinstructions>
    <csviconName>wt/clients/images/assignactvty.gif</csviconName>
    <csvduration>0</csvduration>
    <csvprocessDuration>0</csvprocessDuration>
    <csvstartDelay>0</csvstartDelay>
    <csvstartProcessDelay>0</csvstartProcessDelay>
    <csvnotifyBeforeDeadline>false</csvnotifyBeforeDeadline>
    <csvtimeToDeadline>0</csvtimeToDeadline>
    <csvnotifyAfterDeadline>false</csvnotifyAfterDeadline>
    <csvtimePastDeadline>0</csvtimePastDeadline>
    <csvresponsibleRole></csvresponsibleRole>
    <csvtask>WfTask</csvtask>
    <csvsendNotification>false</csvsendNotification>
    <csvlocalProject></csvlocalProject>
    <csvvariableProject>null</csvvariableProject>
    <csvsigningRequired>false</csvsigningRequired>
  </csvWfAssignedActivityTemplateBegin>
  <csvWfVariable handler="wt.workflow.definer.LoadWorkflow.addVariable">
    <csvname>primaryBusinessObject</csvname>
    <csvtype>wt.fc.WTObject</csvtype>
    <csvrequired>false</csvrequired>
    <csvvisible>true</csvvisible>
    <csvmutable>true</csvmutable>
    <csvresetable>true</csvresetable>
    <csvinitializeFrom>primaryBusinessObject</csvinitializeFrom>
    <csvcopyInto>primaryBusinessObject</csvcopyInto>
    <csvdefaultValue></csvdefaultValue>
    <csvpermissionList>0</csvpermissionList>
    <csvreadOnly>false</csvreadOnly>
    <csvdisplayNames></csvdisplayNames>
  </csvWfVariable>
  <csvWfExpression handler="wt.workflow.definer.LoadWorkflow.addExpression">
    <csvexpression>提交</csvexpression>
    <csvexprBody>ext.technicalconditions.workflow.TechNotDocWorkflowHelper.submitReviewValidate(self#primaryBusinessObject);</csvexprBody>
    <csvcheckSyntax>false</csvcheckSyntax>
  </csvWfExpression>
  <csvWfExpression handler="wt.workflow.definer.LoadWorkflow.addExpression">
    <csvexpression>取消</csvexpression>
    <csvexprBody>ext.technicalconditions.workflow.TechNotDocWorkflowHelper.cancelReviewValidate(self#primaryBusinessObject);</csvexprBody>
    <csvcheckSyntax>false</csvcheckSyntax>
  </csvWfExpression>
  <csvWfRoleAssignee handler="wt.workflow.definer.LoadWorkflow.addRoleAssignee">
    <csvrole>HUIQIAN</csvrole>
    <csvrequired>false</csvrequired>
    <csvcompletionPolicyType>ANY</csvcompletionPolicyType>
    <csvcompletionPolicyValue>0</csvcompletionPolicyValue>
  </csvWfRoleAssignee>
  <csvWfRoleAssignee handler="wt.workflow.definer.LoadWorkflow.addRoleAssignee">
    <csvrole>APPROVER</csvrole>
    <csvrequired>false</csvrequired>
    <csvcompletionPolicyType>ANY</csvcompletionPolicyType>
    <csvcompletionPolicyValue>0</csvcompletionPolicyValue>
  </csvWfRoleAssignee>
  <csvWfRoleAssignee handler="wt.workflow.definer.LoadWorkflow.addRoleAssignee">
    <csvrole>XIAODUI</csvrole>
    <csvrequired>false</csvrequired>
    <csvcompletionPolicyType>ANY</csvcompletionPolicyType>
    <csvcompletionPolicyValue>0</csvcompletionPolicyValue>
  </csvWfRoleAssignee>
  <csvWfRoleAssignee handler="wt.workflow.definer.LoadWorkflow.addRoleAssignee">
    <csvrole>SHENHE</csvrole>
    <csvrequired>false</csvrequired>
    <csvcompletionPolicyType>ANY</csvcompletionPolicyType>
    <csvcompletionPolicyValue>0</csvcompletionPolicyValue>
  </csvWfRoleAssignee>
  <csvWfRoleAssignee handler="wt.workflow.definer.LoadWorkflow.addRoleAssignee">
    <csvrole>SHENDING</csvrole>
    <csvrequired>false</csvrequired>
    <csvcompletionPolicyType>ANY</csvcompletionPolicyType>
    <csvcompletionPolicyValue>0</csvcompletionPolicyValue>
  </csvWfRoleAssignee>
  <csvWfActorAssignee handler="wt.workflow.definer.LoadWorkflow.addActorAssignee">
    <csvactor>CREATOR</csvactor>
    <csvrequired>true</csvrequired>
    <csvcompletionPolicyType>ANY</csvcompletionPolicyType>
    <csvcompletionPolicyValue>0</csvcompletionPolicyValue>
  </csvWfActorAssignee>
  <csvWfRoleSetup handler="wt.workflow.definer.LoadWorkflow.addRoleSetup">
    <csvassigneeType>Role</csvassigneeType>
    <csvassigneeName>HUIQIAN</csvassigneeName>
    <csvrole>HUIQIAN</csvrole>
    <csvviewPermission>true</csvviewPermission>
    <csvaddPermission>false</csvaddPermission>
    <csvremovePermission>false</csvremovePermission>
  </csvWfRoleSetup>
  <csvWfRoleSetup handler="wt.workflow.definer.LoadWorkflow.addRoleSetup">
    <csvassigneeType>Role</csvassigneeType>
    <csvassigneeName>APPROVER</csvassigneeName>
    <csvrole>APPROVER</csvrole>
    <csvviewPermission>true</csvviewPermission>
    <csvaddPermission>false</csvaddPermission>
    <csvremovePermission>false</csvremovePermission>
  </csvWfRoleSetup>
  <csvWfRoleSetup handler="wt.workflow.definer.LoadWorkflow.addRoleSetup">
    <csvassigneeType>Role</csvassigneeType>
    <csvassigneeName>XIAODUI</csvassigneeName>
    <csvrole>XIAODUI</csvrole>
    <csvviewPermission>true</csvviewPermission>
    <csvaddPermission>false</csvaddPermission>
    <csvremovePermission>false</csvremovePermission>
  </csvWfRoleSetup>
  <csvWfRoleSetup handler="wt.workflow.definer.LoadWorkflow.addRoleSetup">
    <csvassigneeType>Role</csvassigneeType>
    <csvassigneeName>SHENHE</csvassigneeName>
    <csvrole>SHENHE</csvrole>
    <csvviewPermission>true</csvviewPermission>
    <csvaddPermission>false</csvaddPermission>
    <csvremovePermission>false</csvremovePermission>
  </csvWfRoleSetup>
  <csvWfRoleSetup handler="wt.workflow.definer.LoadWorkflow.addRoleSetup">
    <csvassigneeType>Role</csvassigneeType>
    <csvassigneeName>SHENDING</csvassigneeName>
    <csvrole>SHENDING</csvrole>
    <csvviewPermission>true</csvviewPermission>
    <csvaddPermission>false</csvaddPermission>
    <csvremovePermission>false</csvremovePermission>
  </csvWfRoleSetup>
  <csvWfRoleSetup handler="wt.workflow.definer.LoadWorkflow.addRoleSetup">
    <csvassigneeType>ActorRole</csvassigneeType>
    <csvassigneeName>CREATOR</csvassigneeName>
    <csvrole>SHENHE</csvrole>
    <csvviewPermission>true</csvviewPermission>
    <csvaddPermission>true</csvaddPermission>
    <csvremovePermission>true</csvremovePermission>
  </csvWfRoleSetup>
  <csvWfRoleSetup handler="wt.workflow.definer.LoadWorkflow.addRoleSetup">
    <csvassigneeType>ActorRole</csvassigneeType>
    <csvassigneeName>CREATOR</csvassigneeName>
    <csvrole>HUIQIAN</csvrole>
    <csvviewPermission>true</csvviewPermission>
    <csvaddPermission>true</csvaddPermission>
    <csvremovePermission>true</csvremovePermission>
  </csvWfRoleSetup>
  <csvWfRoleSetup handler="wt.workflow.definer.LoadWorkflow.addRoleSetup">
    <csvassigneeType>ActorRole</csvassigneeType>
    <csvassigneeName>CREATOR</csvassigneeName>
    <csvrole>XIAODUI</csvrole>
    <csvviewPermission>true</csvviewPermission>
    <csvaddPermission>true</csvaddPermission>
    <csvremovePermission>true</csvremovePermission>
  </csvWfRoleSetup>
  <csvWfRoleSetup handler="wt.workflow.definer.LoadWorkflow.addRoleSetup">
    <csvassigneeType>ActorRole</csvassigneeType>
    <csvassigneeName>CREATOR</csvassigneeName>
    <csvrole>SHENDING</csvrole>
    <csvviewPermission>true</csvviewPermission>
    <csvaddPermission>true</csvaddPermission>
    <csvremovePermission>true</csvremovePermission>
  </csvWfRoleSetup>
  <csvWfRoleSetup handler="wt.workflow.definer.LoadWorkflow.addRoleSetup">
    <csvassigneeType>ActorRole</csvassigneeType>
    <csvassigneeName>CREATOR</csvassigneeName>
    <csvrole>APPROVER</csvrole>
    <csvviewPermission>true</csvviewPermission>
    <csvaddPermission>true</csvaddPermission>
    <csvremovePermission>true</csvremovePermission>
  </csvWfRoleSetup>
  <csvWfResourcePool handler="wt.workflow.definer.LoadWorkflow.addResourcePool">
    <csvrole>SHENHE</csvrole>
    <csvresourcePoolType>Context Team</csvresourcePoolType>
    <csvresourcePoolName>Context Team</csvresourcePoolName>
  </csvWfResourcePool>
  <csvWfResourcePool handler="wt.workflow.definer.LoadWorkflow.addResourcePool">
    <csvrole>HUIQIAN</csvrole>
    <csvresourcePoolType>Context Team</csvresourcePoolType>
    <csvresourcePoolName>Context Team</csvresourcePoolName>
  </csvWfResourcePool>
  <csvWfResourcePool handler="wt.workflow.definer.LoadWorkflow.addResourcePool">
    <csvrole>XIAODUI</csvrole>
    <csvresourcePoolType>Context Team</csvresourcePoolType>
    <csvresourcePoolName>Context Team</csvresourcePoolName>
  </csvWfResourcePool>
  <csvWfResourcePool handler="wt.workflow.definer.LoadWorkflow.addResourcePool">
    <csvrole>SHENDING</csvrole>
    <csvresourcePoolType>Context Team</csvresourcePoolType>
    <csvresourcePoolName>Context Team</csvresourcePoolName>
  </csvWfResourcePool>
  <csvWfResourcePool handler="wt.workflow.definer.LoadWorkflow.addResourcePool">
    <csvrole>APPROVER</csvrole>
    <csvresourcePoolType>Context Team</csvresourcePoolType>
    <csvresourcePoolName>Context Team</csvresourcePoolName>
  </csvWfResourcePool>
  <csvWfAuditAction handler="wt.workflow.definer.LoadWorkflow.addAuditAction">
    <csvauditAction>ACTIVITY_ASSIGNMENT_CHANGED</csvauditAction>
    <csvauditActionFlag>true</csvauditActionFlag>
  </csvWfAuditAction>
  <csvWfAuditAction handler="wt.workflow.definer.LoadWorkflow.addAuditAction">
    <csvauditAction>EXECUTION_ERROR</csvauditAction>
    <csvauditActionFlag>true</csvauditActionFlag>
  </csvWfAuditAction>
  <csvWfVotingAction handler="wt.workflow.definer.LoadWorkflow.addVotingAction">
    <csvvotingAction>RECORD_VOTING</csvvotingAction>
    <csvvotingActionFlag>true</csvvotingActionFlag>
  </csvWfVotingAction>
  <csvWfIgnoreUnresolvedRoleAction handler="wt.workflow.definer.LoadWorkflow.addIgnoreUnresolvedRoleAction">
    <csvignoreUnresolvedRoleAction>IGNOREUNRESOLVED_ROLE</csvignoreUnresolvedRoleAction>
    <csvignoreUnresolvedRoleActionFlag>true</csvignoreUnresolvedRoleActionFlag>
  </csvWfIgnoreUnresolvedRoleAction>
  <csvRenderChoice handler="wt.workflow.definer.LoadWorkflow.renderTemplate"><csvrender>HTML</csvrender></csvRenderChoice>
  <csvTaskFormTemplate handler="wt.workflow.definer.LoadWorkflow.saveTaskFormTemplate"><csvTemplateName>default</csvTemplateName></csvTaskFormTemplate>
  <csvWfAssignedActivityTemplateEnd handler="wt.workflow.definer.LoadWorkflow.saveAssignedActivityTemplate"></csvWfAssignedActivityTemplateEnd>
  <csvWfAssignedActivityTemplateBegin handler="wt.workflow.definer.LoadWorkflow.createAssignedActivityTemplate">
    <csvxCoordinate>1111</csvxCoordinate>
    <csvyCoordinate>156</csvyCoordinate>
    <csvrouterType>MANUAL_EXCLUSIVE</csvrouterType>
    <csvroutingEvents>通过/驳回/</csvroutingEvents>
    <csvautoRoutingExpression></csvautoRoutingExpression>
    <csvuniqueId>wt.workflow.definer.WfAssignedActivityTemplate:1206477</csvuniqueId>
    <csvname>批准</csvname>
    <csvdescription>null</csvdescription>
    <csvcategory>DEFAULT</csvcategory>
    <csvinstructions>null</csvinstructions>
    <csviconName>wt/clients/images/assignactvty.gif</csviconName>
    <csvduration>0</csvduration>
    <csvprocessDuration>0</csvprocessDuration>
    <csvstartDelay>0</csvstartDelay>
    <csvstartProcessDelay>0</csvstartProcessDelay>
    <csvnotifyBeforeDeadline>false</csvnotifyBeforeDeadline>
    <csvtimeToDeadline>0</csvtimeToDeadline>
    <csvnotifyAfterDeadline>false</csvnotifyAfterDeadline>
    <csvtimePastDeadline>0</csvtimePastDeadline>
    <csvresponsibleRole></csvresponsibleRole>
    <csvtask>WfTask</csvtask>
    <csvsendNotification>false</csvsendNotification>
    <csvlocalProject></csvlocalProject>
    <csvvariableProject>null</csvvariableProject>
    <csvsigningRequired>false</csvsigningRequired>
  </csvWfAssignedActivityTemplateBegin>
  <csvWfVariable handler="wt.workflow.definer.LoadWorkflow.addVariable">
    <csvname>primaryBusinessObject</csvname>
    <csvtype>wt.fc.WTObject</csvtype>
    <csvrequired>false</csvrequired>
    <csvvisible>true</csvvisible>
    <csvmutable>true</csvmutable>
    <csvresetable>true</csvresetable>
    <csvinitializeFrom>primaryBusinessObject</csvinitializeFrom>
    <csvcopyInto>primaryBusinessObject</csvcopyInto>
    <csvdefaultValue></csvdefaultValue>
    <csvpermissionList>0</csvpermissionList>
    <csvreadOnly>false</csvreadOnly>
    <csvdisplayNames></csvdisplayNames>
  </csvWfVariable>
  <csvWfRoleAssignee handler="wt.workflow.definer.LoadWorkflow.addRoleAssignee">
    <csvrole>APPROVER</csvrole>
    <csvrequired>true</csvrequired>
    <csvcompletionPolicyType>ANY</csvcompletionPolicyType>
    <csvcompletionPolicyValue>0</csvcompletionPolicyValue>
  </csvWfRoleAssignee>
  <csvWfRoleSetup handler="wt.workflow.definer.LoadWorkflow.addRoleSetup">
    <csvassigneeType>Role</csvassigneeType>
    <csvassigneeName>APPROVER</csvassigneeName>
    <csvrole>APPROVER</csvrole>
    <csvviewPermission>true</csvviewPermission>
    <csvaddPermission>false</csvaddPermission>
    <csvremovePermission>false</csvremovePermission>
  </csvWfRoleSetup>
  <csvWfAuditAction handler="wt.workflow.definer.LoadWorkflow.addAuditAction">
    <csvauditAction>ACTIVITY_ASSIGNMENT_CHANGED</csvauditAction>
    <csvauditActionFlag>true</csvauditActionFlag>
  </csvWfAuditAction>
  <csvWfAuditAction handler="wt.workflow.definer.LoadWorkflow.addAuditAction">
    <csvauditAction>EXECUTION_ERROR</csvauditAction>
    <csvauditActionFlag>true</csvauditActionFlag>
  </csvWfAuditAction>
  <csvWfVotingAction handler="wt.workflow.definer.LoadWorkflow.addVotingAction">
    <csvvotingAction>RECORD_VOTING</csvvotingAction>
    <csvvotingActionFlag>true</csvvotingActionFlag>
  </csvWfVotingAction>
  <csvWfIgnoreUnresolvedRoleAction handler="wt.workflow.definer.LoadWorkflow.addIgnoreUnresolvedRoleAction">
    <csvignoreUnresolvedRoleAction>IGNOREUNRESOLVED_ROLE</csvignoreUnresolvedRoleAction>
    <csvignoreUnresolvedRoleActionFlag>true</csvignoreUnresolvedRoleActionFlag>
  </csvWfIgnoreUnresolvedRoleAction>
  <csvRenderChoice handler="wt.workflow.definer.LoadWorkflow.renderTemplate"><csvrender>HTML</csvrender></csvRenderChoice>
  <csvTaskFormTemplate handler="wt.workflow.definer.LoadWorkflow.saveTaskFormTemplate"><csvTemplateName>default</csvTemplateName></csvTaskFormTemplate>
  <csvWfAssignedActivityTemplateEnd handler="wt.workflow.definer.LoadWorkflow.saveAssignedActivityTemplate"></csvWfAssignedActivityTemplateEnd>
  <csvWfAssignedActivityTemplateBegin handler="wt.workflow.definer.LoadWorkflow.createAssignedActivityTemplate">
    <csvxCoordinate>609</csvxCoordinate>
    <csvyCoordinate>157</csvyCoordinate>
    <csvrouterType>MANUAL_EXCLUSIVE</csvrouterType>
    <csvroutingEvents>通过/驳回/</csvroutingEvents>
    <csvautoRoutingExpression></csvautoRoutingExpression>
    <csvuniqueId>wt.workflow.definer.WfAssignedActivityTemplate:1206479</csvuniqueId>
    <csvname>审核</csvname>
    <csvdescription>null</csvdescription>
    <csvcategory>DEFAULT</csvcategory>
    <csvinstructions>null</csvinstructions>
    <csviconName>wt/clients/images/assignactvty.gif</csviconName>
    <csvduration>0</csvduration>
    <csvprocessDuration>0</csvprocessDuration>
    <csvstartDelay>0</csvstartDelay>
    <csvstartProcessDelay>0</csvstartProcessDelay>
    <csvnotifyBeforeDeadline>false</csvnotifyBeforeDeadline>
    <csvtimeToDeadline>0</csvtimeToDeadline>
    <csvnotifyAfterDeadline>false</csvnotifyAfterDeadline>
    <csvtimePastDeadline>0</csvtimePastDeadline>
    <csvresponsibleRole></csvresponsibleRole>
    <csvtask>WfTask</csvtask>
    <csvsendNotification>false</csvsendNotification>
    <csvlocalProject></csvlocalProject>
    <csvvariableProject>null</csvvariableProject>
    <csvsigningRequired>false</csvsigningRequired>
  </csvWfAssignedActivityTemplateBegin>
  <csvWfVariable handler="wt.workflow.definer.LoadWorkflow.addVariable">
    <csvname>primaryBusinessObject</csvname>
    <csvtype>wt.fc.WTObject</csvtype>
    <csvrequired>false</csvrequired>
    <csvvisible>true</csvvisible>
    <csvmutable>true</csvmutable>
    <csvresetable>true</csvresetable>
    <csvinitializeFrom>primaryBusinessObject</csvinitializeFrom>
    <csvcopyInto>primaryBusinessObject</csvcopyInto>
    <csvdefaultValue></csvdefaultValue>
    <csvpermissionList>0</csvpermissionList>
    <csvreadOnly>false</csvreadOnly>
    <csvdisplayNames></csvdisplayNames>
  </csvWfVariable>
  <csvWfRoleAssignee handler="wt.workflow.definer.LoadWorkflow.addRoleAssignee">
    <csvrole>SHENHE</csvrole>
    <csvrequired>true</csvrequired>
    <csvcompletionPolicyType>ANY</csvcompletionPolicyType>
    <csvcompletionPolicyValue>0</csvcompletionPolicyValue>
  </csvWfRoleAssignee>
  <csvWfRoleSetup handler="wt.workflow.definer.LoadWorkflow.addRoleSetup">
    <csvassigneeType>Role</csvassigneeType>
    <csvassigneeName>SHENHE</csvassigneeName>
    <csvrole>SHENHE</csvrole>
    <csvviewPermission>true</csvviewPermission>
    <csvaddPermission>false</csvaddPermission>
    <csvremovePermission>false</csvremovePermission>
  </csvWfRoleSetup>
  <csvWfResourcePool handler="wt.workflow.definer.LoadWorkflow.addResourcePool">
    <csvrole>SHENHE</csvrole>
    <csvresourcePoolType>Context Team</csvresourcePoolType>
    <csvresourcePoolName>Context Team</csvresourcePoolName>
  </csvWfResourcePool>
  <csvWfAuditAction handler="wt.workflow.definer.LoadWorkflow.addAuditAction">
    <csvauditAction>ACTIVITY_ASSIGNMENT_CHANGED</csvauditAction>
    <csvauditActionFlag>true</csvauditActionFlag>
  </csvWfAuditAction>
  <csvWfAuditAction handler="wt.workflow.definer.LoadWorkflow.addAuditAction">
    <csvauditAction>EXECUTION_ERROR</csvauditAction>
    <csvauditActionFlag>true</csvauditActionFlag>
  </csvWfAuditAction>
  <csvWfVotingAction handler="wt.workflow.definer.LoadWorkflow.addVotingAction">
    <csvvotingAction>RECORD_VOTING</csvvotingAction>
    <csvvotingActionFlag>true</csvvotingActionFlag>
  </csvWfVotingAction>
  <csvWfIgnoreUnresolvedRoleAction handler="wt.workflow.definer.LoadWorkflow.addIgnoreUnresolvedRoleAction">
    <csvignoreUnresolvedRoleAction>IGNOREUNRESOLVED_ROLE</csvignoreUnresolvedRoleAction>
    <csvignoreUnresolvedRoleActionFlag>true</csvignoreUnresolvedRoleActionFlag>
  </csvWfIgnoreUnresolvedRoleAction>
  <csvRenderChoice handler="wt.workflow.definer.LoadWorkflow.renderTemplate"><csvrender>HTML</csvrender></csvRenderChoice>
  <csvTaskFormTemplate handler="wt.workflow.definer.LoadWorkflow.saveTaskFormTemplate"><csvTemplateName>default</csvTemplateName></csvTaskFormTemplate>
  <csvWfAssignedActivityTemplateEnd handler="wt.workflow.definer.LoadWorkflow.saveAssignedActivityTemplate"></csvWfAssignedActivityTemplateEnd>
  <csvWfAssignedActivityTemplateBegin handler="wt.workflow.definer.LoadWorkflow.createAssignedActivityTemplate">
    <csvxCoordinate>940</csvxCoordinate>
    <csvyCoordinate>157</csvyCoordinate>
    <csvrouterType>MANUAL_EXCLUSIVE</csvrouterType>
    <csvroutingEvents>通过/驳回/</csvroutingEvents>
    <csvautoRoutingExpression></csvautoRoutingExpression>
    <csvuniqueId>wt.workflow.definer.WfAssignedActivityTemplate:1206481</csvuniqueId>
    <csvname>审定</csvname>
    <csvdescription>null</csvdescription>
    <csvcategory>DEFAULT</csvcategory>
    <csvinstructions>null</csvinstructions>
    <csviconName>wt/clients/images/assignactvty.gif</csviconName>
    <csvduration>0</csvduration>
    <csvprocessDuration>0</csvprocessDuration>
    <csvstartDelay>0</csvstartDelay>
    <csvstartProcessDelay>0</csvstartProcessDelay>
    <csvnotifyBeforeDeadline>false</csvnotifyBeforeDeadline>
    <csvtimeToDeadline>0</csvtimeToDeadline>
    <csvnotifyAfterDeadline>false</csvnotifyAfterDeadline>
    <csvtimePastDeadline>0</csvtimePastDeadline>
    <csvresponsibleRole></csvresponsibleRole>
    <csvtask>WfTask</csvtask>
    <csvsendNotification>false</csvsendNotification>
    <csvlocalProject></csvlocalProject>
    <csvvariableProject>null</csvvariableProject>
    <csvsigningRequired>false</csvsigningRequired>
  </csvWfAssignedActivityTemplateBegin>
  <csvWfVariable handler="wt.workflow.definer.LoadWorkflow.addVariable">
    <csvname>primaryBusinessObject</csvname>
    <csvtype>wt.fc.WTObject</csvtype>
    <csvrequired>false</csvrequired>
    <csvvisible>true</csvvisible>
    <csvmutable>true</csvmutable>
    <csvresetable>true</csvresetable>
    <csvinitializeFrom>primaryBusinessObject</csvinitializeFrom>
    <csvcopyInto>primaryBusinessObject</csvcopyInto>
    <csvdefaultValue></csvdefaultValue>
    <csvpermissionList>0</csvpermissionList>
    <csvreadOnly>false</csvreadOnly>
    <csvdisplayNames></csvdisplayNames>
  </csvWfVariable>
  <csvWfRoleAssignee handler="wt.workflow.definer.LoadWorkflow.addRoleAssignee">
    <csvrole>SHENDING</csvrole>
    <csvrequired>true</csvrequired>
    <csvcompletionPolicyType>ANY</csvcompletionPolicyType>
    <csvcompletionPolicyValue>0</csvcompletionPolicyValue>
  </csvWfRoleAssignee>
  <csvWfRoleSetup handler="wt.workflow.definer.LoadWorkflow.addRoleSetup">
    <csvassigneeType>Role</csvassigneeType>
    <csvassigneeName>SHENDING</csvassigneeName>
    <csvrole>SHENDING</csvrole>
    <csvviewPermission>true</csvviewPermission>
    <csvaddPermission>false</csvaddPermission>
    <csvremovePermission>false</csvremovePermission>
  </csvWfRoleSetup>
  <csvWfResourcePool handler="wt.workflow.definer.LoadWorkflow.addResourcePool">
    <csvrole>SHENDING</csvrole>
    <csvresourcePoolType>Context Team</csvresourcePoolType>
    <csvresourcePoolName>Context Team</csvresourcePoolName>
  </csvWfResourcePool>
  <csvWfAuditAction handler="wt.workflow.definer.LoadWorkflow.addAuditAction">
    <csvauditAction>ACTIVITY_ASSIGNMENT_CHANGED</csvauditAction>
    <csvauditActionFlag>true</csvauditActionFlag>
  </csvWfAuditAction>
  <csvWfAuditAction handler="wt.workflow.definer.LoadWorkflow.addAuditAction">
    <csvauditAction>EXECUTION_ERROR</csvauditAction>
    <csvauditActionFlag>true</csvauditActionFlag>
  </csvWfAuditAction>
  <csvWfVotingAction handler="wt.workflow.definer.LoadWorkflow.addVotingAction">
    <csvvotingAction>RECORD_VOTING</csvvotingAction>
    <csvvotingActionFlag>true</csvvotingActionFlag>
  </csvWfVotingAction>
  <csvWfIgnoreUnresolvedRoleAction handler="wt.workflow.definer.LoadWorkflow.addIgnoreUnresolvedRoleAction">
    <csvignoreUnresolvedRoleAction>IGNOREUNRESOLVED_ROLE</csvignoreUnresolvedRoleAction>
    <csvignoreUnresolvedRoleActionFlag>true</csvignoreUnresolvedRoleActionFlag>
  </csvWfIgnoreUnresolvedRoleAction>
  <csvRenderChoice handler="wt.workflow.definer.LoadWorkflow.renderTemplate"><csvrender>HTML</csvrender></csvRenderChoice>
  <csvTaskFormTemplate handler="wt.workflow.definer.LoadWorkflow.saveTaskFormTemplate"><csvTemplateName>default</csvTemplateName></csvTaskFormTemplate>
  <csvWfAssignedActivityTemplateEnd handler="wt.workflow.definer.LoadWorkflow.saveAssignedActivityTemplate"></csvWfAssignedActivityTemplateEnd>
  <csvWfAssignedActivityTemplateBegin handler="wt.workflow.definer.LoadWorkflow.createAssignedActivityTemplate">
    <csvxCoordinate>424</csvxCoordinate>
    <csvyCoordinate>159</csvyCoordinate>
    <csvrouterType>MANUAL_EXCLUSIVE</csvrouterType>
    <csvroutingEvents>通过/驳回/</csvroutingEvents>
    <csvautoRoutingExpression></csvautoRoutingExpression>
    <csvuniqueId>wt.workflow.definer.WfAssignedActivityTemplate:1206464</csvuniqueId>
    <csvname>校对</csvname>
    <csvdescription>null</csvdescription>
    <csvcategory>DEFAULT</csvcategory>
    <csvinstructions>null</csvinstructions>
    <csviconName>wt/clients/images/assignactvty.gif</csviconName>
    <csvduration>0</csvduration>
    <csvprocessDuration>0</csvprocessDuration>
    <csvstartDelay>0</csvstartDelay>
    <csvstartProcessDelay>0</csvstartProcessDelay>
    <csvnotifyBeforeDeadline>false</csvnotifyBeforeDeadline>
    <csvtimeToDeadline>0</csvtimeToDeadline>
    <csvnotifyAfterDeadline>false</csvnotifyAfterDeadline>
    <csvtimePastDeadline>0</csvtimePastDeadline>
    <csvresponsibleRole></csvresponsibleRole>
    <csvtask>WfTask</csvtask>
    <csvsendNotification>false</csvsendNotification>
    <csvlocalProject></csvlocalProject>
    <csvvariableProject>null</csvvariableProject>
    <csvsigningRequired>false</csvsigningRequired>
  </csvWfAssignedActivityTemplateBegin>
  <csvWfVariable handler="wt.workflow.definer.LoadWorkflow.addVariable">
    <csvname>primaryBusinessObject</csvname>
    <csvtype>wt.fc.WTObject</csvtype>
    <csvrequired>false</csvrequired>
    <csvvisible>true</csvvisible>
    <csvmutable>true</csvmutable>
    <csvresetable>true</csvresetable>
    <csvinitializeFrom>primaryBusinessObject</csvinitializeFrom>
    <csvcopyInto>primaryBusinessObject</csvcopyInto>
    <csvdefaultValue></csvdefaultValue>
    <csvpermissionList>0</csvpermissionList>
    <csvreadOnly>false</csvreadOnly>
    <csvdisplayNames></csvdisplayNames>
  </csvWfVariable>
  <csvWfRoleAssignee handler="wt.workflow.definer.LoadWorkflow.addRoleAssignee">
    <csvrole>XIAODUI</csvrole>
    <csvrequired>true</csvrequired>
    <csvcompletionPolicyType>ANY</csvcompletionPolicyType>
    <csvcompletionPolicyValue>0</csvcompletionPolicyValue>
  </csvWfRoleAssignee>
  <csvWfRoleSetup handler="wt.workflow.definer.LoadWorkflow.addRoleSetup">
    <csvassigneeType>Role</csvassigneeType>
    <csvassigneeName>XIAODUI</csvassigneeName>
    <csvrole>XIAODUI</csvrole>
    <csvviewPermission>true</csvviewPermission>
    <csvaddPermission>false</csvaddPermission>
    <csvremovePermission>false</csvremovePermission>
  </csvWfRoleSetup>
  <csvWfResourcePool handler="wt.workflow.definer.LoadWorkflow.addResourcePool">
    <csvrole>XIAODUI</csvrole>
    <csvresourcePoolType>Context Team</csvresourcePoolType>
    <csvresourcePoolName>Context Team</csvresourcePoolName>
  </csvWfResourcePool>
  <csvWfAuditAction handler="wt.workflow.definer.LoadWorkflow.addAuditAction">
    <csvauditAction>ACTIVITY_ASSIGNMENT_CHANGED</csvauditAction>
    <csvauditActionFlag>true</csvauditActionFlag>
  </csvWfAuditAction>
  <csvWfAuditAction handler="wt.workflow.definer.LoadWorkflow.addAuditAction">
    <csvauditAction>EXECUTION_ERROR</csvauditAction>
    <csvauditActionFlag>true</csvauditActionFlag>
  </csvWfAuditAction>
  <csvWfVotingAction handler="wt.workflow.definer.LoadWorkflow.addVotingAction">
    <csvvotingAction>RECORD_VOTING</csvvotingAction>
    <csvvotingActionFlag>true</csvvotingActionFlag>
  </csvWfVotingAction>
  <csvWfIgnoreUnresolvedRoleAction handler="wt.workflow.definer.LoadWorkflow.addIgnoreUnresolvedRoleAction">
    <csvignoreUnresolvedRoleAction>IGNOREUNRESOLVED_ROLE</csvignoreUnresolvedRoleAction>
    <csvignoreUnresolvedRoleActionFlag>true</csvignoreUnresolvedRoleActionFlag>
  </csvWfIgnoreUnresolvedRoleAction>
  <csvRenderChoice handler="wt.workflow.definer.LoadWorkflow.renderTemplate"><csvrender>HTML</csvrender></csvRenderChoice>
  <csvTaskFormTemplate handler="wt.workflow.definer.LoadWorkflow.saveTaskFormTemplate"><csvTemplateName>default</csvTemplateName></csvTaskFormTemplate>
  <csvWfAssignedActivityTemplateEnd handler="wt.workflow.definer.LoadWorkflow.saveAssignedActivityTemplate"></csvWfAssignedActivityTemplateEnd>
  <csvWfAssignedActivityTemplateBegin handler="wt.workflow.definer.LoadWorkflow.createAssignedActivityTemplate">
    <csvxCoordinate>253</csvxCoordinate>
    <csvyCoordinate>471</csvyCoordinate>
    <csvrouterType>MANUAL_EXCLUSIVE</csvrouterType>
    <csvroutingEvents>提交/取消/</csvroutingEvents>
    <csvautoRoutingExpression></csvautoRoutingExpression>
    <csvuniqueId>wt.workflow.definer.WfAssignedActivityTemplate:1206466</csvuniqueId>
    <csvname>修改</csvname>
    <csvdescription>null</csvdescription>
    <csvcategory>DEFAULT</csvcategory>
    <csvinstructions>null</csvinstructions>
    <csviconName>wt/clients/images/assignactvty.gif</csviconName>
    <csvduration>0</csvduration>
    <csvprocessDuration>0</csvprocessDuration>
    <csvstartDelay>0</csvstartDelay>
    <csvstartProcessDelay>0</csvstartProcessDelay>
    <csvnotifyBeforeDeadline>false</csvnotifyBeforeDeadline>
    <csvtimeToDeadline>0</csvtimeToDeadline>
    <csvnotifyAfterDeadline>false</csvnotifyAfterDeadline>
    <csvtimePastDeadline>0</csvtimePastDeadline>
    <csvresponsibleRole></csvresponsibleRole>
    <csvtask>WfTask</csvtask>
    <csvsendNotification>false</csvsendNotification>
    <csvlocalProject></csvlocalProject>
    <csvvariableProject>null</csvvariableProject>
    <csvsigningRequired>false</csvsigningRequired>
  </csvWfAssignedActivityTemplateBegin>
  <csvWfVariable handler="wt.workflow.definer.LoadWorkflow.addVariable">
    <csvname>primaryBusinessObject</csvname>
    <csvtype>wt.fc.WTObject</csvtype>
    <csvrequired>false</csvrequired>
    <csvvisible>true</csvvisible>
    <csvmutable>true</csvmutable>
    <csvresetable>true</csvresetable>
    <csvinitializeFrom>primaryBusinessObject</csvinitializeFrom>
    <csvcopyInto>primaryBusinessObject</csvcopyInto>
    <csvdefaultValue></csvdefaultValue>
    <csvpermissionList>0</csvpermissionList>
    <csvreadOnly>false</csvreadOnly>
    <csvdisplayNames></csvdisplayNames>
  </csvWfVariable>
  <csvWfExpression handler="wt.workflow.definer.LoadWorkflow.addExpression">
    <csvexpression>提交</csvexpression>
    <csvexprBody>ext.technicalconditions.workflow.TechNotDocWorkflowHelper.submitReviewValidate(self#primaryBusinessObject);</csvexprBody>
    <csvcheckSyntax>false</csvcheckSyntax>
  </csvWfExpression>
  <csvWfExpression handler="wt.workflow.definer.LoadWorkflow.addExpression">
    <csvexpression>取消</csvexpression>
    <csvexprBody>ext.technicalconditions.workflow.TechNotDocWorkflowHelper.cancelReviewValidate(self#primaryBusinessObject);</csvexprBody>
    <csvcheckSyntax>false</csvcheckSyntax>
  </csvWfExpression>
  <csvWfActorAssignee handler="wt.workflow.definer.LoadWorkflow.addActorAssignee">
    <csvactor>CREATOR</csvactor>
    <csvrequired>true</csvrequired>
    <csvcompletionPolicyType>ANY</csvcompletionPolicyType>
    <csvcompletionPolicyValue>0</csvcompletionPolicyValue>
  </csvWfActorAssignee>
  <csvWfRoleSetup handler="wt.workflow.definer.LoadWorkflow.addRoleSetup">
    <csvassigneeType>ActorRole</csvassigneeType>
    <csvassigneeName>CREATOR</csvassigneeName>
    <csvrole>SHENHE</csvrole>
    <csvviewPermission>true</csvviewPermission>
    <csvaddPermission>true</csvaddPermission>
    <csvremovePermission>true</csvremovePermission>
  </csvWfRoleSetup>
  <csvWfRoleSetup handler="wt.workflow.definer.LoadWorkflow.addRoleSetup">
    <csvassigneeType>ActorRole</csvassigneeType>
    <csvassigneeName>CREATOR</csvassigneeName>
    <csvrole>HUIQIAN</csvrole>
    <csvviewPermission>true</csvviewPermission>
    <csvaddPermission>true</csvaddPermission>
    <csvremovePermission>true</csvremovePermission>
  </csvWfRoleSetup>
  <csvWfRoleSetup handler="wt.workflow.definer.LoadWorkflow.addRoleSetup">
    <csvassigneeType>ActorRole</csvassigneeType>
    <csvassigneeName>CREATOR</csvassigneeName>
    <csvrole>XIAODUI</csvrole>
    <csvviewPermission>true</csvviewPermission>
    <csvaddPermission>true</csvaddPermission>
    <csvremovePermission>true</csvremovePermission>
  </csvWfRoleSetup>
  <csvWfRoleSetup handler="wt.workflow.definer.LoadWorkflow.addRoleSetup">
    <csvassigneeType>ActorRole</csvassigneeType>
    <csvassigneeName>CREATOR</csvassigneeName>
    <csvrole>SHENDING</csvrole>
    <csvviewPermission>true</csvviewPermission>
    <csvaddPermission>true</csvaddPermission>
    <csvremovePermission>true</csvremovePermission>
  </csvWfRoleSetup>
  <csvWfRoleSetup handler="wt.workflow.definer.LoadWorkflow.addRoleSetup">
    <csvassigneeType>ActorRole</csvassigneeType>
    <csvassigneeName>CREATOR</csvassigneeName>
    <csvrole>APPROVER</csvrole>
    <csvviewPermission>true</csvviewPermission>
    <csvaddPermission>true</csvaddPermission>
    <csvremovePermission>true</csvremovePermission>
  </csvWfRoleSetup>
  <csvWfResourcePool handler="wt.workflow.definer.LoadWorkflow.addResourcePool">
    <csvrole>SHENHE</csvrole>
    <csvresourcePoolType>Context Team</csvresourcePoolType>
    <csvresourcePoolName>Context Team</csvresourcePoolName>
  </csvWfResourcePool>
  <csvWfResourcePool handler="wt.workflow.definer.LoadWorkflow.addResourcePool">
    <csvrole>HUIQIAN</csvrole>
    <csvresourcePoolType>Context Team</csvresourcePoolType>
    <csvresourcePoolName>Context Team</csvresourcePoolName>
  </csvWfResourcePool>
  <csvWfResourcePool handler="wt.workflow.definer.LoadWorkflow.addResourcePool">
    <csvrole>XIAODUI</csvrole>
    <csvresourcePoolType>Context Team</csvresourcePoolType>
    <csvresourcePoolName>Context Team</csvresourcePoolName>
  </csvWfResourcePool>
  <csvWfResourcePool handler="wt.workflow.definer.LoadWorkflow.addResourcePool">
    <csvrole>SHENDING</csvrole>
    <csvresourcePoolType>Context Team</csvresourcePoolType>
    <csvresourcePoolName>Context Team</csvresourcePoolName>
  </csvWfResourcePool>
  <csvWfResourcePool handler="wt.workflow.definer.LoadWorkflow.addResourcePool">
    <csvrole>APPROVER</csvrole>
    <csvresourcePoolType>Context Team</csvresourcePoolType>
    <csvresourcePoolName>Context Team</csvresourcePoolName>
  </csvWfResourcePool>
  <csvWfAuditAction handler="wt.workflow.definer.LoadWorkflow.addAuditAction">
    <csvauditAction>ACTIVITY_ASSIGNMENT_CHANGED</csvauditAction>
    <csvauditActionFlag>true</csvauditActionFlag>
  </csvWfAuditAction>
  <csvWfAuditAction handler="wt.workflow.definer.LoadWorkflow.addAuditAction">
    <csvauditAction>EXECUTION_ERROR</csvauditAction>
    <csvauditActionFlag>true</csvauditActionFlag>
  </csvWfAuditAction>
  <csvWfVotingAction handler="wt.workflow.definer.LoadWorkflow.addVotingAction">
    <csvvotingAction>RECORD_VOTING</csvvotingAction>
    <csvvotingActionFlag>true</csvvotingActionFlag>
  </csvWfVotingAction>
  <csvWfIgnoreUnresolvedRoleAction handler="wt.workflow.definer.LoadWorkflow.addIgnoreUnresolvedRoleAction">
    <csvignoreUnresolvedRoleAction>IGNOREUNRESOLVED_ROLE</csvignoreUnresolvedRoleAction>
    <csvignoreUnresolvedRoleActionFlag>true</csvignoreUnresolvedRoleActionFlag>
  </csvWfIgnoreUnresolvedRoleAction>
  <csvRenderChoice handler="wt.workflow.definer.LoadWorkflow.renderTemplate"><csvrender>HTML</csvrender></csvRenderChoice>
  <csvTaskFormTemplate handler="wt.workflow.definer.LoadWorkflow.saveTaskFormTemplate"><csvTemplateName>default</csvTemplateName></csvTaskFormTemplate>
  <csvWfAssignedActivityTemplateEnd handler="wt.workflow.definer.LoadWorkflow.saveAssignedActivityTemplate"></csvWfAssignedActivityTemplateEnd>
  <csvWfExprRobotTemplateBegin handler="wt.workflow.definer.LoadWorkflow.createExprRobotTemplate">
    <csvxCoordinate>521</csvxCoordinate>
    <csvyCoordinate>158</csvyCoordinate>
    <csvrouterType>NONE</csvrouterType>
    <csvroutingEvents></csvroutingEvents>
    <csvautoRoutingExpression></csvautoRoutingExpression>
    <csvuniqueId>wt.workflow.definer.WfExprRobotTemplate:1206483</csvuniqueId>
    <csvname>保存校对者</csvname>
    <csvdescription>null</csvdescription>
    <csvcategory>DEFAULT</csvcategory>
    <csvinstructions></csvinstructions>
    <csviconName>wt/clients/images/methrobt.gif</csviconName>
    <csvduration>0</csvduration>
    <csvprocessDuration>0</csvprocessDuration>
    <csvstartDelay>0</csvstartDelay>
    <csvstartProcessDelay>0</csvstartProcessDelay>
    <csvnotifyBeforeDeadline>false</csvnotifyBeforeDeadline>
    <csvtimeToDeadline>0</csvtimeToDeadline>
    <csvnotifyAfterDeadline>false</csvnotifyAfterDeadline>
    <csvtimePastDeadline>0</csvtimePastDeadline>
    <csvresponsibleRole></csvresponsibleRole>
    <csvhost>localhost</csvhost>
  </csvWfExprRobotTemplateBegin>
  <csvWfVariable handler="wt.workflow.definer.LoadWorkflow.addVariable">
    <csvname>primaryBusinessObject</csvname>
    <csvtype>wt.fc.WTObject</csvtype>
    <csvrequired>false</csvrequired>
    <csvvisible>true</csvvisible>
    <csvmutable>true</csvmutable>
    <csvresetable>true</csvresetable>
    <csvinitializeFrom>primaryBusinessObject</csvinitializeFrom>
    <csvcopyInto>primaryBusinessObject</csvcopyInto>
    <csvdefaultValue></csvdefaultValue>
    <csvpermissionList>0</csvpermissionList>
    <csvreadOnly>false</csvreadOnly>
    <csvdisplayNames></csvdisplayNames>
  </csvWfVariable>
  <csvWfExpression handler="wt.workflow.definer.LoadWorkflow.addExpression">
    <csvexpression>_ROBOT_EXPRESSION_</csvexpression>
    <csvexprBody>ext.technicalconditions.util.WfUtil.saveSignInfo2(self#primaryBusinessObject#&quot;sign_Proofreader&quot;);</csvexprBody>
    <csvcheckSyntax>false</csvcheckSyntax>
  </csvWfExpression>
  <csvWfExprRobotTemplateEnd handler="wt.workflow.definer.LoadWorkflow.saveExprRobotTemplate"></csvWfExprRobotTemplateEnd>
  <csvWfExprRobotTemplateBegin handler="wt.workflow.definer.LoadWorkflow.createExprRobotTemplate">
    <csvxCoordinate>319</csvxCoordinate>
    <csvyCoordinate>101</csvyCoordinate>
    <csvrouterType>NONE</csvrouterType>
    <csvroutingEvents></csvroutingEvents>
    <csvautoRoutingExpression></csvautoRoutingExpression>
    <csvuniqueId>wt.workflow.definer.WfExprRobotTemplate:1206486</csvuniqueId>
    <csvname>保存编制者</csvname>
    <csvdescription>null</csvdescription>
    <csvcategory>DEFAULT</csvcategory>
    <csvinstructions></csvinstructions>
    <csviconName>wt/clients/images/methrobt.gif</csviconName>
    <csvduration>0</csvduration>
    <csvprocessDuration>0</csvprocessDuration>
    <csvstartDelay>0</csvstartDelay>
    <csvstartProcessDelay>0</csvstartProcessDelay>
    <csvnotifyBeforeDeadline>false</csvnotifyBeforeDeadline>
    <csvtimeToDeadline>0</csvtimeToDeadline>
    <csvnotifyAfterDeadline>false</csvnotifyAfterDeadline>
    <csvtimePastDeadline>0</csvtimePastDeadline>
    <csvresponsibleRole></csvresponsibleRole>
    <csvhost>localhost</csvhost>
  </csvWfExprRobotTemplateBegin>
  <csvWfVariable handler="wt.workflow.definer.LoadWorkflow.addVariable">
    <csvname>primaryBusinessObject</csvname>
    <csvtype>wt.fc.WTObject</csvtype>
    <csvrequired>false</csvrequired>
    <csvvisible>true</csvvisible>
    <csvmutable>true</csvmutable>
    <csvresetable>true</csvresetable>
    <csvinitializeFrom>primaryBusinessObject</csvinitializeFrom>
    <csvcopyInto>primaryBusinessObject</csvcopyInto>
    <csvdefaultValue></csvdefaultValue>
    <csvpermissionList>0</csvpermissionList>
    <csvreadOnly>false</csvreadOnly>
    <csvdisplayNames></csvdisplayNames>
  </csvWfVariable>
  <csvWfExpression handler="wt.workflow.definer.LoadWorkflow.addExpression">
    <csvexpression>_ROBOT_EXPRESSION_</csvexpression>
    <csvexprBody>ext.technicalconditions.util.WfUtil.saveSignInfo2(self#primaryBusinessObject#&quot;sign_Preparor&quot;);</csvexprBody>
    <csvcheckSyntax>false</csvcheckSyntax>
  </csvWfExpression>
  <csvWfExprRobotTemplateEnd handler="wt.workflow.definer.LoadWorkflow.saveExprRobotTemplate"></csvWfExprRobotTemplateEnd>
  <csvWfExprRobotTemplateBegin handler="wt.workflow.definer.LoadWorkflow.createExprRobotTemplate">
    <csvxCoordinate>690</csvxCoordinate>
    <csvyCoordinate>156</csvyCoordinate>
    <csvrouterType>NONE</csvrouterType>
    <csvroutingEvents></csvroutingEvents>
    <csvautoRoutingExpression></csvautoRoutingExpression>
    <csvuniqueId>wt.workflow.definer.WfExprRobotTemplate:1206489</csvuniqueId>
    <csvname>保存审核者</csvname>
    <csvdescription>null</csvdescription>
    <csvcategory>DEFAULT</csvcategory>
    <csvinstructions></csvinstructions>
    <csviconName>wt/clients/images/methrobt.gif</csviconName>
    <csvduration>0</csvduration>
    <csvprocessDuration>0</csvprocessDuration>
    <csvstartDelay>0</csvstartDelay>
    <csvstartProcessDelay>0</csvstartProcessDelay>
    <csvnotifyBeforeDeadline>false</csvnotifyBeforeDeadline>
    <csvtimeToDeadline>0</csvtimeToDeadline>
    <csvnotifyAfterDeadline>false</csvnotifyAfterDeadline>
    <csvtimePastDeadline>0</csvtimePastDeadline>
    <csvresponsibleRole></csvresponsibleRole>
    <csvhost>localhost</csvhost>
  </csvWfExprRobotTemplateBegin>
  <csvWfVariable handler="wt.workflow.definer.LoadWorkflow.addVariable">
    <csvname>primaryBusinessObject</csvname>
    <csvtype>wt.fc.WTObject</csvtype>
    <csvrequired>false</csvrequired>
    <csvvisible>true</csvvisible>
    <csvmutable>true</csvmutable>
    <csvresetable>true</csvresetable>
    <csvinitializeFrom>primaryBusinessObject</csvinitializeFrom>
    <csvcopyInto>primaryBusinessObject</csvcopyInto>
    <csvdefaultValue></csvdefaultValue>
    <csvpermissionList>0</csvpermissionList>
    <csvreadOnly>false</csvreadOnly>
    <csvdisplayNames></csvdisplayNames>
  </csvWfVariable>
  <csvWfExpression handler="wt.workflow.definer.LoadWorkflow.addExpression">
    <csvexpression>_ROBOT_EXPRESSION_</csvexpression>
    <csvexprBody>ext.technicalconditions.util.WfUtil.saveSignInfo2(self#primaryBusinessObject#&quot;sign_Reviewer&quot;);</csvexprBody>
    <csvcheckSyntax>false</csvcheckSyntax>
  </csvWfExpression>
  <csvWfExprRobotTemplateEnd handler="wt.workflow.definer.LoadWorkflow.saveExprRobotTemplate"></csvWfExprRobotTemplateEnd>
  <csvWfExprRobotTemplateBegin handler="wt.workflow.definer.LoadWorkflow.createExprRobotTemplate">
    <csvxCoordinate>1027</csvxCoordinate>
    <csvyCoordinate>155</csvyCoordinate>
    <csvrouterType>NONE</csvrouterType>
    <csvroutingEvents></csvroutingEvents>
    <csvautoRoutingExpression></csvautoRoutingExpression>
    <csvuniqueId>wt.workflow.definer.WfExprRobotTemplate:1206492</csvuniqueId>
    <csvname>保存审定者</csvname>
    <csvdescription>null</csvdescription>
    <csvcategory>DEFAULT</csvcategory>
    <csvinstructions></csvinstructions>
    <csviconName>wt/clients/images/methrobt.gif</csviconName>
    <csvduration>0</csvduration>
    <csvprocessDuration>0</csvprocessDuration>
    <csvstartDelay>0</csvstartDelay>
    <csvstartProcessDelay>0</csvstartProcessDelay>
    <csvnotifyBeforeDeadline>false</csvnotifyBeforeDeadline>
    <csvtimeToDeadline>0</csvtimeToDeadline>
    <csvnotifyAfterDeadline>false</csvnotifyAfterDeadline>
    <csvtimePastDeadline>0</csvtimePastDeadline>
    <csvresponsibleRole></csvresponsibleRole>
    <csvhost>localhost</csvhost>
  </csvWfExprRobotTemplateBegin>
  <csvWfVariable handler="wt.workflow.definer.LoadWorkflow.addVariable">
    <csvname>primaryBusinessObject</csvname>
    <csvtype>wt.fc.WTObject</csvtype>
    <csvrequired>false</csvrequired>
    <csvvisible>true</csvvisible>
    <csvmutable>true</csvmutable>
    <csvresetable>true</csvresetable>
    <csvinitializeFrom>primaryBusinessObject</csvinitializeFrom>
    <csvcopyInto>primaryBusinessObject</csvcopyInto>
    <csvdefaultValue></csvdefaultValue>
    <csvpermissionList>0</csvpermissionList>
    <csvreadOnly>false</csvreadOnly>
    <csvdisplayNames></csvdisplayNames>
  </csvWfVariable>
  <csvWfExpression handler="wt.workflow.definer.LoadWorkflow.addExpression">
    <csvexpression>_ROBOT_EXPRESSION_</csvexpression>
    <csvexprBody>ext.technicalconditions.util.WfUtil.saveSignInfo2(self#primaryBusinessObject#&quot;sign_Authorizor&quot;);</csvexprBody>
    <csvcheckSyntax>false</csvcheckSyntax>
  </csvWfExpression>
  <csvWfExprRobotTemplateEnd handler="wt.workflow.definer.LoadWorkflow.saveExprRobotTemplate"></csvWfExprRobotTemplateEnd>
  <csvWfExprRobotTemplateBegin handler="wt.workflow.definer.LoadWorkflow.createExprRobotTemplate">
    <csvxCoordinate>841</csvxCoordinate>
    <csvyCoordinate>157</csvyCoordinate>
    <csvrouterType>NONE</csvrouterType>
    <csvroutingEvents></csvroutingEvents>
    <csvautoRoutingExpression></csvautoRoutingExpression>
    <csvuniqueId>wt.workflow.definer.WfExprRobotTemplate:1206495</csvuniqueId>
    <csvname>保存会签者</csvname>
    <csvdescription>null</csvdescription>
    <csvcategory>DEFAULT</csvcategory>
    <csvinstructions></csvinstructions>
    <csviconName>wt/clients/images/methrobt.gif</csviconName>
    <csvduration>0</csvduration>
    <csvprocessDuration>0</csvprocessDuration>
    <csvstartDelay>0</csvstartDelay>
    <csvstartProcessDelay>0</csvstartProcessDelay>
    <csvnotifyBeforeDeadline>false</csvnotifyBeforeDeadline>
    <csvtimeToDeadline>0</csvtimeToDeadline>
    <csvnotifyAfterDeadline>false</csvnotifyAfterDeadline>
    <csvtimePastDeadline>0</csvtimePastDeadline>
    <csvresponsibleRole></csvresponsibleRole>
    <csvhost>localhost</csvhost>
  </csvWfExprRobotTemplateBegin>
  <csvWfVariable handler="wt.workflow.definer.LoadWorkflow.addVariable">
    <csvname>primaryBusinessObject</csvname>
    <csvtype>wt.fc.WTObject</csvtype>
    <csvrequired>false</csvrequired>
    <csvvisible>true</csvvisible>
    <csvmutable>true</csvmutable>
    <csvresetable>true</csvresetable>
    <csvinitializeFrom>primaryBusinessObject</csvinitializeFrom>
    <csvcopyInto>primaryBusinessObject</csvcopyInto>
    <csvdefaultValue></csvdefaultValue>
    <csvpermissionList>0</csvpermissionList>
    <csvreadOnly>false</csvreadOnly>
    <csvdisplayNames></csvdisplayNames>
  </csvWfVariable>
  <csvWfExpression handler="wt.workflow.definer.LoadWorkflow.addExpression">
    <csvexpression>_ROBOT_EXPRESSION_</csvexpression>
    <csvexprBody>ext.technicalconditions.util.WfUtil.saveSignInfo2(self#primaryBusinessObject#&quot;sign_Countersigner&quot;);</csvexprBody>
    <csvcheckSyntax>false</csvcheckSyntax>
  </csvWfExpression>
  <csvWfExprRobotTemplateEnd handler="wt.workflow.definer.LoadWorkflow.saveExprRobotTemplate"></csvWfExprRobotTemplateEnd>
  <csvWfExprRobotTemplateBegin handler="wt.workflow.definer.LoadWorkflow.createExprRobotTemplate">
    <csvxCoordinate>1228</csvxCoordinate>
    <csvyCoordinate>162</csvyCoordinate>
    <csvrouterType>NONE</csvrouterType>
    <csvroutingEvents></csvroutingEvents>
    <csvautoRoutingExpression></csvautoRoutingExpression>
    <csvuniqueId>wt.workflow.definer.WfExprRobotTemplate:1206498</csvuniqueId>
    <csvname>保存批准者</csvname>
    <csvdescription>null</csvdescription>
    <csvcategory>DEFAULT</csvcategory>
    <csvinstructions></csvinstructions>
    <csviconName>wt/clients/images/methrobt.gif</csviconName>
    <csvduration>0</csvduration>
    <csvprocessDuration>0</csvprocessDuration>
    <csvstartDelay>0</csvstartDelay>
    <csvstartProcessDelay>0</csvstartProcessDelay>
    <csvnotifyBeforeDeadline>false</csvnotifyBeforeDeadline>
    <csvtimeToDeadline>0</csvtimeToDeadline>
    <csvnotifyAfterDeadline>false</csvnotifyAfterDeadline>
    <csvtimePastDeadline>0</csvtimePastDeadline>
    <csvresponsibleRole></csvresponsibleRole>
    <csvhost>localhost</csvhost>
  </csvWfExprRobotTemplateBegin>
  <csvWfVariable handler="wt.workflow.definer.LoadWorkflow.addVariable">
    <csvname>primaryBusinessObject</csvname>
    <csvtype>wt.fc.WTObject</csvtype>
    <csvrequired>false</csvrequired>
    <csvvisible>true</csvvisible>
    <csvmutable>true</csvmutable>
    <csvresetable>true</csvresetable>
    <csvinitializeFrom>primaryBusinessObject</csvinitializeFrom>
    <csvcopyInto>primaryBusinessObject</csvcopyInto>
    <csvdefaultValue></csvdefaultValue>
    <csvpermissionList>0</csvpermissionList>
    <csvreadOnly>false</csvreadOnly>
    <csvdisplayNames></csvdisplayNames>
  </csvWfVariable>
  <csvWfExpression handler="wt.workflow.definer.LoadWorkflow.addExpression">
    <csvexpression>_ROBOT_EXPRESSION_</csvexpression>
    <csvexprBody>ext.technicalconditions.util.WfUtil.saveSignInfo2(self#primaryBusinessObject#&quot;sign_Approver&quot;);</csvexprBody>
    <csvcheckSyntax>false</csvcheckSyntax>
  </csvWfExpression>
  <csvWfExprRobotTemplateEnd handler="wt.workflow.definer.LoadWorkflow.saveExprRobotTemplate"></csvWfExprRobotTemplateEnd>
  <csvWfExprRobotTemplateBegin handler="wt.workflow.definer.LoadWorkflow.createExprRobotTemplate">
    <csvxCoordinate>466</csvxCoordinate>
    <csvyCoordinate>471</csvyCoordinate>
    <csvrouterType>NONE</csvrouterType>
    <csvroutingEvents></csvroutingEvents>
    <csvautoRoutingExpression></csvautoRoutingExpression>
    <csvuniqueId>wt.workflow.definer.WfExprRobotTemplate:1206501</csvuniqueId>
    <csvname>重置iba</csvname>
    <csvdescription>null</csvdescription>
    <csvcategory>DEFAULT</csvcategory>
    <csvinstructions></csvinstructions>
    <csviconName>wt/clients/images/methrobt.gif</csviconName>
    <csvduration>0</csvduration>
    <csvprocessDuration>0</csvprocessDuration>
    <csvstartDelay>0</csvstartDelay>
    <csvstartProcessDelay>0</csvstartProcessDelay>
    <csvnotifyBeforeDeadline>false</csvnotifyBeforeDeadline>
    <csvtimeToDeadline>0</csvtimeToDeadline>
    <csvnotifyAfterDeadline>false</csvnotifyAfterDeadline>
    <csvtimePastDeadline>0</csvtimePastDeadline>
    <csvresponsibleRole></csvresponsibleRole>
    <csvhost>localhost</csvhost>
  </csvWfExprRobotTemplateBegin>
  <csvWfVariable handler="wt.workflow.definer.LoadWorkflow.addVariable">
    <csvname>primaryBusinessObject</csvname>
    <csvtype>wt.fc.WTObject</csvtype>
    <csvrequired>false</csvrequired>
    <csvvisible>true</csvvisible>
    <csvmutable>true</csvmutable>
    <csvresetable>true</csvresetable>
    <csvinitializeFrom>primaryBusinessObject</csvinitializeFrom>
    <csvcopyInto>primaryBusinessObject</csvcopyInto>
    <csvdefaultValue></csvdefaultValue>
    <csvpermissionList>0</csvpermissionList>
    <csvreadOnly>false</csvreadOnly>
    <csvdisplayNames></csvdisplayNames>
  </csvWfVariable>
  <csvWfExpression handler="wt.workflow.definer.LoadWorkflow.addExpression">
    <csvexpression>_ROBOT_EXPRESSION_</csvexpression>
    <csvexprBody>ext.technicalconditions.util.WfUtil.resetSignInfo(primaryBusinessObject);</csvexprBody>
    <csvcheckSyntax>false</csvcheckSyntax>
  </csvWfExpression>
  <csvWfExprRobotTemplateEnd handler="wt.workflow.definer.LoadWorkflow.saveExprRobotTemplate"></csvWfExprRobotTemplateEnd>
  <csvWfInternalMethodTemplateBegin handler="wt.workflow.definer.LoadWorkflow.createInternalMethodTemplate">
    <csvxCoordinate>255</csvxCoordinate>
    <csvyCoordinate>146</csvyCoordinate>
    <csvrouterType>NONE</csvrouterType>
    <csvroutingEvents></csvroutingEvents>
    <csvautoRoutingExpression></csvautoRoutingExpression>
    <csvuniqueId>wt.workflow.definer.WfInternalMethodTemplate:1206504</csvuniqueId>
    <csvname>设置状态_签审中</csvname>
    <csvdescription>null</csvdescription>
    <csvcategory>DEFAULT</csvcategory>
    <csvinstructions></csvinstructions>
    <csviconName>wt/clients/images/genrobt.gif</csviconName>
    <csvduration>0</csvduration>
    <csvprocessDuration>0</csvprocessDuration>
    <csvstartDelay>0</csvstartDelay>
    <csvstartProcessDelay>0</csvstartProcessDelay>
    <csvnotifyBeforeDeadline>false</csvnotifyBeforeDeadline>
    <csvtimeToDeadline>0</csvtimeToDeadline>
    <csvnotifyAfterDeadline>false</csvnotifyAfterDeadline>
    <csvtimePastDeadline>0</csvtimePastDeadline>
    <csvresponsibleRole></csvresponsibleRole>
    <csvhost>localhost</csvhost>
    <csvserviceName>wt.lifecycle.LifeCycleService</csvserviceName>
    <csvmethodName>setState</csvmethodName>
    <csvmethodReturn>null</csvmethodReturn>
  </csvWfInternalMethodTemplateBegin>
  <csvWfVariable handler="wt.workflow.definer.LoadWorkflow.addVariable">
    <csvname>primaryBusinessObject</csvname>
    <csvtype>wt.fc.WTObject</csvtype>
    <csvrequired>false</csvrequired>
    <csvvisible>true</csvvisible>
    <csvmutable>true</csvmutable>
    <csvresetable>true</csvresetable>
    <csvinitializeFrom>primaryBusinessObject</csvinitializeFrom>
    <csvcopyInto>primaryBusinessObject</csvcopyInto>
    <csvdefaultValue></csvdefaultValue>
    <csvpermissionList>0</csvpermissionList>
    <csvreadOnly>false</csvreadOnly>
    <csvdisplayNames></csvdisplayNames>
  </csvWfVariable>
  <csvWfVariable handler="wt.workflow.definer.LoadWorkflow.addVariable">
    <csvname>aState</csvname>
    <csvtype>wt.lifecycle.State</csvtype>
    <csvrequired>false</csvrequired>
    <csvvisible>false</csvvisible>
    <csvmutable>true</csvmutable>
    <csvresetable>true</csvresetable>
    <csvinitializeFrom></csvinitializeFrom>
    <csvcopyInto></csvcopyInto>
    <csvdefaultValue>XBC_UNDERREVIEW</csvdefaultValue>
    <csvpermissionList>0</csvpermissionList>
    <csvreadOnly>false</csvreadOnly>
    <csvdisplayNames></csvdisplayNames>
  </csvWfVariable>
  <csvWfSignature handler="wt.workflow.definer.LoadWorkflow.addSignature"><csvsignature>primaryBusinessObject</csvsignature></csvWfSignature>
  <csvWfSignature handler="wt.workflow.definer.LoadWorkflow.addSignature"><csvsignature>aState</csvsignature></csvWfSignature>
  <csvWfInternalMethodTemplateEnd handler="wt.workflow.definer.LoadWorkflow.saveInternalMethodTemplate"></csvWfInternalMethodTemplateEnd>
  <csvWfInternalMethodTemplateBegin handler="wt.workflow.definer.LoadWorkflow.createInternalMethodTemplate">
    <csvxCoordinate>1313</csvxCoordinate>
    <csvyCoordinate>384</csvyCoordinate>
    <csvrouterType>NONE</csvrouterType>
    <csvroutingEvents></csvroutingEvents>
    <csvautoRoutingExpression></csvautoRoutingExpression>
    <csvuniqueId>wt.workflow.definer.WfInternalMethodTemplate:1206506</csvuniqueId>
    <csvname>设置状态_已发布</csvname>
    <csvdescription>null</csvdescription>
    <csvcategory>DEFAULT</csvcategory>
    <csvinstructions></csvinstructions>
    <csviconName>wt/clients/images/genrobt.gif</csviconName>
    <csvduration>0</csvduration>
    <csvprocessDuration>0</csvprocessDuration>
    <csvstartDelay>0</csvstartDelay>
    <csvstartProcessDelay>0</csvstartProcessDelay>
    <csvnotifyBeforeDeadline>false</csvnotifyBeforeDeadline>
    <csvtimeToDeadline>0</csvtimeToDeadline>
    <csvnotifyAfterDeadline>false</csvnotifyAfterDeadline>
    <csvtimePastDeadline>0</csvtimePastDeadline>
    <csvresponsibleRole></csvresponsibleRole>
    <csvhost>localhost</csvhost>
    <csvserviceName>wt.lifecycle.LifeCycleService</csvserviceName>
    <csvmethodName>setState</csvmethodName>
    <csvmethodReturn>null</csvmethodReturn>
  </csvWfInternalMethodTemplateBegin>
  <csvWfVariable handler="wt.workflow.definer.LoadWorkflow.addVariable">
    <csvname>primaryBusinessObject</csvname>
    <csvtype>wt.fc.WTObject</csvtype>
    <csvrequired>false</csvrequired>
    <csvvisible>true</csvvisible>
    <csvmutable>true</csvmutable>
    <csvresetable>true</csvresetable>
    <csvinitializeFrom>primaryBusinessObject</csvinitializeFrom>
    <csvcopyInto>primaryBusinessObject</csvcopyInto>
    <csvdefaultValue></csvdefaultValue>
    <csvpermissionList>0</csvpermissionList>
    <csvreadOnly>false</csvreadOnly>
    <csvdisplayNames></csvdisplayNames>
  </csvWfVariable>
  <csvWfVariable handler="wt.workflow.definer.LoadWorkflow.addVariable">
    <csvname>aState</csvname>
    <csvtype>wt.lifecycle.State</csvtype>
    <csvrequired>false</csvrequired>
    <csvvisible>false</csvvisible>
    <csvmutable>true</csvmutable>
    <csvresetable>true</csvresetable>
    <csvinitializeFrom></csvinitializeFrom>
    <csvcopyInto></csvcopyInto>
    <csvdefaultValue>RELEASED</csvdefaultValue>
    <csvpermissionList>0</csvpermissionList>
    <csvreadOnly>false</csvreadOnly>
    <csvdisplayNames></csvdisplayNames>
  </csvWfVariable>
  <csvWfSignature handler="wt.workflow.definer.LoadWorkflow.addSignature"><csvsignature>primaryBusinessObject</csvsignature></csvWfSignature>
  <csvWfSignature handler="wt.workflow.definer.LoadWorkflow.addSignature"><csvsignature>aState</csvsignature></csvWfSignature>
  <csvWfInternalMethodTemplateEnd handler="wt.workflow.definer.LoadWorkflow.saveInternalMethodTemplate"></csvWfInternalMethodTemplateEnd>
  <csvWfInternalMethodTemplateBegin handler="wt.workflow.definer.LoadWorkflow.createInternalMethodTemplate">
    <csvxCoordinate>142</csvxCoordinate>
    <csvyCoordinate>550</csvyCoordinate>
    <csvrouterType>NONE</csvrouterType>
    <csvroutingEvents></csvroutingEvents>
    <csvautoRoutingExpression></csvautoRoutingExpression>
    <csvuniqueId>wt.workflow.definer.WfInternalMethodTemplate:1206508</csvuniqueId>
    <csvname>设置状态_作废</csvname>
    <csvdescription>null</csvdescription>
    <csvcategory>DEFAULT</csvcategory>
    <csvinstructions></csvinstructions>
    <csviconName>wt/clients/images/genrobt.gif</csviconName>
    <csvduration>0</csvduration>
    <csvprocessDuration>0</csvprocessDuration>
    <csvstartDelay>0</csvstartDelay>
    <csvstartProcessDelay>0</csvstartProcessDelay>
    <csvnotifyBeforeDeadline>false</csvnotifyBeforeDeadline>
    <csvtimeToDeadline>0</csvtimeToDeadline>
    <csvnotifyAfterDeadline>false</csvnotifyAfterDeadline>
    <csvtimePastDeadline>0</csvtimePastDeadline>
    <csvresponsibleRole></csvresponsibleRole>
    <csvhost>localhost</csvhost>
    <csvserviceName>wt.lifecycle.LifeCycleService</csvserviceName>
    <csvmethodName>setState</csvmethodName>
    <csvmethodReturn>null</csvmethodReturn>
  </csvWfInternalMethodTemplateBegin>
  <csvWfVariable handler="wt.workflow.definer.LoadWorkflow.addVariable">
    <csvname>primaryBusinessObject</csvname>
    <csvtype>wt.fc.WTObject</csvtype>
    <csvrequired>false</csvrequired>
    <csvvisible>true</csvvisible>
    <csvmutable>true</csvmutable>
    <csvresetable>true</csvresetable>
    <csvinitializeFrom>primaryBusinessObject</csvinitializeFrom>
    <csvcopyInto>primaryBusinessObject</csvcopyInto>
    <csvdefaultValue></csvdefaultValue>
    <csvpermissionList>0</csvpermissionList>
    <csvreadOnly>false</csvreadOnly>
    <csvdisplayNames></csvdisplayNames>
  </csvWfVariable>
  <csvWfVariable handler="wt.workflow.definer.LoadWorkflow.addVariable">
    <csvname>aState</csvname>
    <csvtype>wt.lifecycle.State</csvtype>
    <csvrequired>false</csvrequired>
    <csvvisible>false</csvvisible>
    <csvmutable>true</csvmutable>
    <csvresetable>true</csvresetable>
    <csvinitializeFrom></csvinitializeFrom>
    <csvcopyInto></csvcopyInto>
    <csvdefaultValue>XBC_CANCELLATION</csvdefaultValue>
    <csvpermissionList>0</csvpermissionList>
    <csvreadOnly>false</csvreadOnly>
    <csvdisplayNames></csvdisplayNames>
  </csvWfVariable>
  <csvWfSignature handler="wt.workflow.definer.LoadWorkflow.addSignature"><csvsignature>primaryBusinessObject</csvsignature></csvWfSignature>
  <csvWfSignature handler="wt.workflow.definer.LoadWorkflow.addSignature"><csvsignature>aState</csvsignature></csvWfSignature>
  <csvWfInternalMethodTemplateEnd handler="wt.workflow.definer.LoadWorkflow.saveInternalMethodTemplate"></csvWfInternalMethodTemplateEnd>
  <csvWfConnectorTemplate handler="wt.workflow.definer.LoadWorkflow.createConnectorTemplate">
    <csvxCoordinate>1078</csvxCoordinate>
    <csvyCoordinate>58</csvyCoordinate>
    <csvrouterType>CONDITIONAL</csvrouterType>
    <csvroutingEvents>有人/没人/</csvroutingEvents>
    <csvautoRoutingExpression>if(ext.technicalconditions.util.WfUtil.hasUserInRole(self#primaryBusinessObject#&quot;APPROVER&quot;)){@    result = &quot;有人&quot;;@}else{@     result = &quot;没人&quot;;@}</csvautoRoutingExpression>
    <csvuniqueId>wt.workflow.definer.WfConnectorTemplate:1206510</csvuniqueId>
    <csvfunction>OR</csvfunction>
    <csvtype>DEFAULT</csvtype>
    <csvthreshold>0</csvthreshold>
    <csvterminateActivities>false</csvterminateActivities>
  </csvWfConnectorTemplate>
  <csvWfConnectorTemplate handler="wt.workflow.definer.LoadWorkflow.createConnectorTemplate">
    <csvxCoordinate>709</csvxCoordinate>
    <csvyCoordinate>57</csvyCoordinate>
    <csvrouterType>CONDITIONAL</csvrouterType>
    <csvroutingEvents>有人/没人/</csvroutingEvents>
    <csvautoRoutingExpression>if(ext.technicalconditions.util.WfUtil.hasUserInRole(self#primaryBusinessObject#&quot;HUIQIAN&quot;)){@    result = &quot;有人&quot;;@}else{@     result = &quot;没人&quot;;@}</csvautoRoutingExpression>
    <csvuniqueId>wt.workflow.definer.WfConnectorTemplate:1206512</csvuniqueId>
    <csvfunction>OR</csvfunction>
    <csvtype>DEFAULT</csvtype>
    <csvthreshold>0</csvthreshold>
    <csvterminateActivities>false</csvterminateActivities>
  </csvWfConnectorTemplate>
  <csvWfConnectorTemplate handler="wt.workflow.definer.LoadWorkflow.createConnectorTemplate">
    <csvxCoordinate>1314</csvxCoordinate>
    <csvyCoordinate>161</csvyCoordinate>
    <csvrouterType>NONE</csvrouterType>
    <csvroutingEvents></csvroutingEvents>
    <csvautoRoutingExpression></csvautoRoutingExpression>
    <csvuniqueId>wt.workflow.definer.WfConnectorTemplate:1206514</csvuniqueId>
    <csvfunction>OR</csvfunction>
    <csvtype>DEFAULT</csvtype>
    <csvthreshold>0</csvthreshold>
    <csvterminateActivities>true</csvterminateActivities>
  </csvWfConnectorTemplate>
  <csvWfConnectorTemplate handler="wt.workflow.definer.LoadWorkflow.createConnectorTemplate">
    <csvxCoordinate>760</csvxCoordinate>
    <csvyCoordinate>472</csvyCoordinate>
    <csvrouterType>NONE</csvrouterType>
    <csvroutingEvents></csvroutingEvents>
    <csvautoRoutingExpression></csvautoRoutingExpression>
    <csvuniqueId>wt.workflow.definer.WfConnectorTemplate:1206515</csvuniqueId>
    <csvfunction>OR</csvfunction>
    <csvtype>DEFAULT</csvtype>
    <csvthreshold>0</csvthreshold>
    <csvterminateActivities>true</csvterminateActivities>
  </csvWfConnectorTemplate>
  <csvWfConnectorTemplate handler="wt.workflow.definer.LoadWorkflow.createConnectorTemplate">
    <csvxCoordinate>142</csvxCoordinate>
    <csvyCoordinate>471</csvyCoordinate>
    <csvrouterType>NONE</csvrouterType>
    <csvroutingEvents></csvroutingEvents>
    <csvautoRoutingExpression></csvautoRoutingExpression>
    <csvuniqueId>wt.workflow.definer.WfConnectorTemplate:1206516</csvuniqueId>
    <csvfunction>OR</csvfunction>
    <csvtype>DEFAULT</csvtype>
    <csvthreshold>0</csvthreshold>
    <csvterminateActivities>true</csvterminateActivities>
  </csvWfConnectorTemplate>
  <csvWfConnectorTemplate handler="wt.workflow.definer.LoadWorkflow.createConnectorTemplate">
    <csvxCoordinate>306</csvxCoordinate>
    <csvyCoordinate>550</csvyCoordinate>
    <csvrouterType>NONE</csvrouterType>
    <csvroutingEvents></csvroutingEvents>
    <csvautoRoutingExpression></csvautoRoutingExpression>
    <csvuniqueId>wt.workflow.definer.WfConnectorTemplate:1206517</csvuniqueId>
    <csvfunction>OR</csvfunction>
    <csvtype>DEFAULT</csvtype>
    <csvthreshold>0</csvthreshold>
    <csvterminateActivities>true</csvterminateActivities>
  </csvWfConnectorTemplate>
  <csvWfConnectorTemplate handler="wt.workflow.definer.LoadWorkflow.createConnectorTemplate">
    <csvxCoordinate>384</csvxCoordinate>
    <csvyCoordinate>55</csvyCoordinate>
    <csvrouterType>CONDITIONAL</csvrouterType>
    <csvroutingEvents>有人/没人/</csvroutingEvents>
    <csvautoRoutingExpression>if(ext.technicalconditions.util.WfUtil.hasUserInRole(self#primaryBusinessObject#&quot;XIAODUI&quot;)){@    result = &quot;有人&quot;;@}else{@     result = &quot;没人&quot;;@}</csvautoRoutingExpression>
    <csvuniqueId>wt.workflow.definer.WfConnectorTemplate:1206518</csvuniqueId>
    <csvfunction>OR</csvfunction>
    <csvtype>DEFAULT</csvtype>
    <csvthreshold>0</csvthreshold>
    <csvterminateActivities>false</csvterminateActivities>
  </csvWfConnectorTemplate>
  <csvWfConnectorTemplate handler="wt.workflow.definer.LoadWorkflow.createConnectorTemplate">
    <csvxCoordinate>553</csvxCoordinate>
    <csvyCoordinate>56</csvyCoordinate>
    <csvrouterType>CONDITIONAL</csvrouterType>
    <csvroutingEvents>有人/没人/</csvroutingEvents>
    <csvautoRoutingExpression>if(ext.technicalconditions.util.WfUtil.hasUserInRole(self#primaryBusinessObject#&quot;SHENHE&quot;)){@    result = &quot;有人&quot;;@}else{@     result = &quot;没人&quot;;@}</csvautoRoutingExpression>
    <csvuniqueId>wt.workflow.definer.WfConnectorTemplate:1206520</csvuniqueId>
    <csvfunction>OR</csvfunction>
    <csvtype>DEFAULT</csvtype>
    <csvthreshold>0</csvthreshold>
    <csvterminateActivities>false</csvterminateActivities>
  </csvWfConnectorTemplate>
  <csvWfConnectorTemplate handler="wt.workflow.definer.LoadWorkflow.createConnectorTemplate">
    <csvxCoordinate>912</csvxCoordinate>
    <csvyCoordinate>58</csvyCoordinate>
    <csvrouterType>CONDITIONAL</csvrouterType>
    <csvroutingEvents>有人/没人/</csvroutingEvents>
    <csvautoRoutingExpression>if(ext.technicalconditions.util.WfUtil.hasUserInRole(self#primaryBusinessObject#&quot;SHENDING&quot;)){@    result = &quot;有人&quot;;@}else{@     result = &quot;没人&quot;;@}</csvautoRoutingExpression>
    <csvuniqueId>wt.workflow.definer.WfConnectorTemplate:1206522</csvuniqueId>
    <csvfunction>OR</csvfunction>
    <csvtype>DEFAULT</csvtype>
    <csvthreshold>0</csvthreshold>
    <csvterminateActivities>false</csvterminateActivities>
  </csvWfConnectorTemplate>
  <csvWfConnectorTemplate handler="wt.workflow.definer.LoadWorkflow.createConnectorTemplate">
    <csvxCoordinate>1314</csvxCoordinate>
    <csvyCoordinate>546</csvyCoordinate>
    <csvrouterType>NONE</csvrouterType>
    <csvroutingEvents></csvroutingEvents>
    <csvautoRoutingExpression></csvautoRoutingExpression>
    <csvuniqueId>wt.workflow.definer.WfConnectorTemplate:1206524</csvuniqueId>
    <csvfunction>AND</csvfunction>
    <csvtype>END</csvtype>
    <csvthreshold>0</csvthreshold>
    <csvterminateActivities>false</csvterminateActivities>
  </csvWfConnectorTemplate>
  <csvWfConnectorTemplate handler="wt.workflow.definer.LoadWorkflow.createConnectorTemplate">
    <csvxCoordinate>44</csvxCoordinate>
    <csvyCoordinate>146</csvyCoordinate>
    <csvrouterType>NONE</csvrouterType>
    <csvroutingEvents></csvroutingEvents>
    <csvautoRoutingExpression></csvautoRoutingExpression>
    <csvuniqueId>wt.workflow.definer.WfConnectorTemplate:1206525</csvuniqueId>
    <csvfunction>OR</csvfunction>
    <csvtype>START</csvtype>
    <csvthreshold>0</csvthreshold>
    <csvterminateActivities>false</csvterminateActivities>
  </csvWfConnectorTemplate>
  <csvWfNodeTemplateLinkBegin handler="wt.workflow.definer.LoadWorkflow.createNodeTemplateLink">
    <csvsourceNode>wt.workflow.definer.WfConnectorTemplate:1206520</csvsourceNode>
    <csvdestNode>wt.workflow.definer.WfConnectorTemplate:1206512</csvdestNode>
    <csvbackLoop>false</csvbackLoop>
  </csvWfNodeTemplateLinkBegin>
  <csvWfEventActionPair handler="wt.workflow.definer.LoadWorkflow.addEventActionPair">
    <csvevent>没人</csvevent>
    <csvaction>FIRE</csvaction>
  </csvWfEventActionPair>
  <csvWfNodeTemplateLinkEnd handler="wt.workflow.definer.LoadWorkflow.saveNodeTemplateLink"></csvWfNodeTemplateLinkEnd>
  <csvWfNodeTemplateLinkBegin handler="wt.workflow.definer.LoadWorkflow.createNodeTemplateLink">
    <csvsourceNode>wt.workflow.definer.WfAssignedActivityTemplate:1206479</csvsourceNode>
    <csvdestNode>wt.workflow.definer.WfExprRobotTemplate:1206489</csvdestNode>
    <csvbackLoop>false</csvbackLoop>
  </csvWfNodeTemplateLinkBegin>
  <csvWfEventActionPair handler="wt.workflow.definer.LoadWorkflow.addEventActionPair">
    <csvevent>通过</csvevent>
    <csvaction>START</csvaction>
  </csvWfEventActionPair>
  <csvWfNodeTemplateLinkEnd handler="wt.workflow.definer.LoadWorkflow.saveNodeTemplateLink"></csvWfNodeTemplateLinkEnd>
  <csvWfNodeTemplateLinkBegin handler="wt.workflow.definer.LoadWorkflow.createNodeTemplateLink">
    <csvsourceNode>wt.workflow.definer.WfExprRobotTemplate:1206489</csvsourceNode>
    <csvdestNode>wt.workflow.definer.WfConnectorTemplate:1206512</csvdestNode>
    <csvbackLoop>false</csvbackLoop>
  </csvWfNodeTemplateLinkBegin>
  <csvWfEventActionPair handler="wt.workflow.definer.LoadWorkflow.addEventActionPair">
    <csvevent>COMPLETE</csvevent>
    <csvaction>FIRE</csvaction>
  </csvWfEventActionPair>
  <csvWfNodeTemplateLinkEnd handler="wt.workflow.definer.LoadWorkflow.saveNodeTemplateLink"></csvWfNodeTemplateLinkEnd>
  <csvWfNodeTemplateLinkBegin handler="wt.workflow.definer.LoadWorkflow.createNodeTemplateLink">
    <csvsourceNode>wt.workflow.definer.WfAssignedActivityTemplate:1206479</csvsourceNode>
    <csvdestNode>wt.workflow.definer.WfConnectorTemplate:1206515</csvdestNode>
    <csvbackLoop>false</csvbackLoop>
  </csvWfNodeTemplateLinkBegin>
  <csvWfEventActionPair handler="wt.workflow.definer.LoadWorkflow.addEventActionPair">
    <csvevent>驳回</csvevent>
    <csvaction>FIRE</csvaction>
  </csvWfEventActionPair>
  <csvWfNodeTemplateLinkEnd handler="wt.workflow.definer.LoadWorkflow.saveNodeTemplateLink"></csvWfNodeTemplateLinkEnd>
  <csvWfNodeTemplateLinkBegin handler="wt.workflow.definer.LoadWorkflow.createNodeTemplateLink">
    <csvsourceNode>wt.workflow.definer.WfExprRobotTemplate:1206492</csvsourceNode>
    <csvdestNode>wt.workflow.definer.WfConnectorTemplate:1206510</csvdestNode>
    <csvbackLoop>false</csvbackLoop>
  </csvWfNodeTemplateLinkBegin>
  <csvWfEventActionPair handler="wt.workflow.definer.LoadWorkflow.addEventActionPair">
    <csvevent>COMPLETE</csvevent>
    <csvaction>FIRE</csvaction>
  </csvWfEventActionPair>
  <csvWfNodeTemplateLinkEnd handler="wt.workflow.definer.LoadWorkflow.saveNodeTemplateLink"></csvWfNodeTemplateLinkEnd>
  <csvWfNodeTemplateLinkBegin handler="wt.workflow.definer.LoadWorkflow.createNodeTemplateLink">
    <csvsourceNode>wt.workflow.definer.WfConnectorTemplate:1206512</csvsourceNode>
    <csvdestNode>wt.workflow.definer.WfConnectorTemplate:1206522</csvdestNode>
    <csvbackLoop>false</csvbackLoop>
  </csvWfNodeTemplateLinkBegin>
  <csvWfEventActionPair handler="wt.workflow.definer.LoadWorkflow.addEventActionPair">
    <csvevent>没人</csvevent>
    <csvaction>FIRE</csvaction>
  </csvWfEventActionPair>
  <csvWfNodeTemplateLinkEnd handler="wt.workflow.definer.LoadWorkflow.saveNodeTemplateLink"></csvWfNodeTemplateLinkEnd>
  <csvWfNodeTemplateLinkBegin handler="wt.workflow.definer.LoadWorkflow.createNodeTemplateLink">
    <csvsourceNode>wt.workflow.definer.WfConnectorTemplate:1206520</csvsourceNode>
    <csvdestNode>wt.workflow.definer.WfAssignedActivityTemplate:1206479</csvdestNode>
    <csvbackLoop>false</csvbackLoop>
  </csvWfNodeTemplateLinkBegin>
  <csvWfEventActionPair handler="wt.workflow.definer.LoadWorkflow.addEventActionPair">
    <csvevent>有人</csvevent>
    <csvaction>START</csvaction>
  </csvWfEventActionPair>
  <csvWfNodeTemplateLinkEnd handler="wt.workflow.definer.LoadWorkflow.saveNodeTemplateLink"></csvWfNodeTemplateLinkEnd>
  <csvWfNodeTemplateLinkBegin handler="wt.workflow.definer.LoadWorkflow.createNodeTemplateLink">
    <csvsourceNode>wt.workflow.definer.WfExprRobotTemplate:1206495</csvsourceNode>
    <csvdestNode>wt.workflow.definer.WfConnectorTemplate:1206522</csvdestNode>
    <csvbackLoop>false</csvbackLoop>
  </csvWfNodeTemplateLinkBegin>
  <csvWfEventActionPair handler="wt.workflow.definer.LoadWorkflow.addEventActionPair">
    <csvevent>COMPLETE</csvevent>
    <csvaction>FIRE</csvaction>
  </csvWfEventActionPair>
  <csvWfNodeTemplateLinkEnd handler="wt.workflow.definer.LoadWorkflow.saveNodeTemplateLink"></csvWfNodeTemplateLinkEnd>
  <csvWfNodeTemplateLinkBegin handler="wt.workflow.definer.LoadWorkflow.createNodeTemplateLink">
    <csvsourceNode>wt.workflow.definer.WfConnectorTemplate:1206522</csvsourceNode>
    <csvdestNode>wt.workflow.definer.WfAssignedActivityTemplate:1206481</csvdestNode>
    <csvbackLoop>false</csvbackLoop>
  </csvWfNodeTemplateLinkBegin>
  <csvWfEventActionPair handler="wt.workflow.definer.LoadWorkflow.addEventActionPair">
    <csvevent>有人</csvevent>
    <csvaction>START</csvaction>
  </csvWfEventActionPair>
  <csvWfNodeTemplateLinkEnd handler="wt.workflow.definer.LoadWorkflow.saveNodeTemplateLink"></csvWfNodeTemplateLinkEnd>
  <csvWfNodeTemplateLinkBegin handler="wt.workflow.definer.LoadWorkflow.createNodeTemplateLink">
    <csvsourceNode>wt.workflow.definer.WfAssignedActivityTemplate:1206481</csvsourceNode>
    <csvdestNode>wt.workflow.definer.WfExprRobotTemplate:1206492</csvdestNode>
    <csvbackLoop>false</csvbackLoop>
  </csvWfNodeTemplateLinkBegin>
  <csvWfEventActionPair handler="wt.workflow.definer.LoadWorkflow.addEventActionPair">
    <csvevent>通过</csvevent>
    <csvaction>START</csvaction>
  </csvWfEventActionPair>
  <csvWfNodeTemplateLinkEnd handler="wt.workflow.definer.LoadWorkflow.saveNodeTemplateLink"></csvWfNodeTemplateLinkEnd>
  <csvWfNodeTemplateLinkBegin handler="wt.workflow.definer.LoadWorkflow.createNodeTemplateLink">
    <csvsourceNode>wt.workflow.definer.WfConnectorTemplate:1206522</csvsourceNode>
    <csvdestNode>wt.workflow.definer.WfConnectorTemplate:1206510</csvdestNode>
    <csvbackLoop>false</csvbackLoop>
  </csvWfNodeTemplateLinkBegin>
  <csvWfEventActionPair handler="wt.workflow.definer.LoadWorkflow.addEventActionPair">
    <csvevent>没人</csvevent>
    <csvaction>FIRE</csvaction>
  </csvWfEventActionPair>
  <csvWfNodeTemplateLinkEnd handler="wt.workflow.definer.LoadWorkflow.saveNodeTemplateLink"></csvWfNodeTemplateLinkEnd>
  <csvWfNodeTemplateLinkBegin handler="wt.workflow.definer.LoadWorkflow.createNodeTemplateLink">
    <csvsourceNode>wt.workflow.definer.WfAssignedActivityTemplate:1206481</csvsourceNode>
    <csvdestNode>wt.workflow.definer.WfConnectorTemplate:1206515</csvdestNode>
    <csvbackLoop>false</csvbackLoop>
  </csvWfNodeTemplateLinkBegin>
  <csvWfEventActionPair handler="wt.workflow.definer.LoadWorkflow.addEventActionPair">
    <csvevent>驳回</csvevent>
    <csvaction>FIRE</csvaction>
  </csvWfEventActionPair>
  <csvWfNodeTemplateLinkEnd handler="wt.workflow.definer.LoadWorkflow.saveNodeTemplateLink"></csvWfNodeTemplateLinkEnd>
  <csvWfNodeTemplateLinkBegin handler="wt.workflow.definer.LoadWorkflow.createNodeTemplateLink">
    <csvsourceNode>wt.workflow.definer.WfExprRobotTemplate:1206498</csvsourceNode>
    <csvdestNode>wt.workflow.definer.WfConnectorTemplate:1206514</csvdestNode>
    <csvbackLoop>false</csvbackLoop>
  </csvWfNodeTemplateLinkBegin>
  <csvWfEventActionPair handler="wt.workflow.definer.LoadWorkflow.addEventActionPair">
    <csvevent>COMPLETE</csvevent>
    <csvaction>FIRE</csvaction>
  </csvWfEventActionPair>
  <csvWfNodeTemplateLinkEnd handler="wt.workflow.definer.LoadWorkflow.saveNodeTemplateLink"></csvWfNodeTemplateLinkEnd>
  <csvWfNodeTemplateLinkBegin handler="wt.workflow.definer.LoadWorkflow.createNodeTemplateLink">
    <csvsourceNode>wt.workflow.definer.WfConnectorTemplate:1206518</csvsourceNode>
    <csvdestNode>wt.workflow.definer.WfConnectorTemplate:1206520</csvdestNode>
    <csvbackLoop>false</csvbackLoop>
  </csvWfNodeTemplateLinkBegin>
  <csvWfEventActionPair handler="wt.workflow.definer.LoadWorkflow.addEventActionPair">
    <csvevent>没人</csvevent>
    <csvaction>FIRE</csvaction>
  </csvWfEventActionPair>
  <csvWfNodeTemplateLinkEnd handler="wt.workflow.definer.LoadWorkflow.saveNodeTemplateLink"></csvWfNodeTemplateLinkEnd>
  <csvWfNodeTemplateLinkBegin handler="wt.workflow.definer.LoadWorkflow.createNodeTemplateLink">
    <csvsourceNode>wt.workflow.definer.WfAssignedActivityTemplate:1206470</csvsourceNode>
    <csvdestNode>wt.workflow.definer.WfExprRobotTemplate:1206495</csvdestNode>
    <csvbackLoop>false</csvbackLoop>
  </csvWfNodeTemplateLinkBegin>
  <csvWfEventActionPair handler="wt.workflow.definer.LoadWorkflow.addEventActionPair">
    <csvevent>通过</csvevent>
    <csvaction>START</csvaction>
  </csvWfEventActionPair>
  <csvWfNodeTemplateLinkEnd handler="wt.workflow.definer.LoadWorkflow.saveNodeTemplateLink"></csvWfNodeTemplateLinkEnd>
  <csvWfNodeTemplateLinkBegin handler="wt.workflow.definer.LoadWorkflow.createNodeTemplateLink">
    <csvsourceNode>wt.workflow.definer.WfAssignedActivityTemplate:1206477</csvsourceNode>
    <csvdestNode>wt.workflow.definer.WfExprRobotTemplate:1206498</csvdestNode>
    <csvbackLoop>false</csvbackLoop>
  </csvWfNodeTemplateLinkBegin>
  <csvWfEventActionPair handler="wt.workflow.definer.LoadWorkflow.addEventActionPair">
    <csvevent>通过</csvevent>
    <csvaction>START</csvaction>
  </csvWfEventActionPair>
  <csvWfNodeTemplateLinkEnd handler="wt.workflow.definer.LoadWorkflow.saveNodeTemplateLink"></csvWfNodeTemplateLinkEnd>
  <csvWfNodeTemplateLinkBegin handler="wt.workflow.definer.LoadWorkflow.createNodeTemplateLink">
    <csvsourceNode>wt.workflow.definer.WfInternalMethodTemplate:1206506</csvsourceNode>
    <csvdestNode>wt.workflow.definer.WfConnectorTemplate:1206524</csvdestNode>
    <csvbackLoop>false</csvbackLoop>
  </csvWfNodeTemplateLinkBegin>
  <csvWfEventActionPair handler="wt.workflow.definer.LoadWorkflow.addEventActionPair">
    <csvevent>COMPLETE</csvevent>
    <csvaction>FIRE</csvaction>
  </csvWfEventActionPair>
  <csvWfNodeTemplateLinkEnd handler="wt.workflow.definer.LoadWorkflow.saveNodeTemplateLink"></csvWfNodeTemplateLinkEnd>
  <csvWfNodeTemplateLinkBegin handler="wt.workflow.definer.LoadWorkflow.createNodeTemplateLink">
    <csvsourceNode>wt.workflow.definer.WfInternalMethodTemplate:1206508</csvsourceNode>
    <csvdestNode>wt.workflow.definer.WfConnectorTemplate:1206517</csvdestNode>
    <csvbackLoop>false</csvbackLoop>
  </csvWfNodeTemplateLinkBegin>
  <csvWfEventActionPair handler="wt.workflow.definer.LoadWorkflow.addEventActionPair">
    <csvevent>COMPLETE</csvevent>
    <csvaction>FIRE</csvaction>
  </csvWfEventActionPair>
  <csvWfNodeTemplateLinkEnd handler="wt.workflow.definer.LoadWorkflow.saveNodeTemplateLink"></csvWfNodeTemplateLinkEnd>
  <csvWfNodeTemplateLinkBegin handler="wt.workflow.definer.LoadWorkflow.createNodeTemplateLink">
    <csvsourceNode>wt.workflow.definer.WfConnectorTemplate:1206517</csvsourceNode>
    <csvdestNode>wt.workflow.definer.WfConnectorTemplate:1206524</csvdestNode>
    <csvbackLoop>false</csvbackLoop>
  </csvWfNodeTemplateLinkBegin>
  <csvWfEventActionPair handler="wt.workflow.definer.LoadWorkflow.addEventActionPair">
    <csvevent>FIRE</csvevent>
    <csvaction>FIRE</csvaction>
  </csvWfEventActionPair>
  <csvWfNodeTemplateLinkEnd handler="wt.workflow.definer.LoadWorkflow.saveNodeTemplateLink"></csvWfNodeTemplateLinkEnd>
  <csvWfNodeTemplateLinkBegin handler="wt.workflow.definer.LoadWorkflow.createNodeTemplateLink">
    <csvsourceNode>wt.workflow.definer.WfConnectorTemplate:1206510</csvsourceNode>
    <csvdestNode>wt.workflow.definer.WfConnectorTemplate:1206514</csvdestNode>
    <csvbackLoop>false</csvbackLoop>
  </csvWfNodeTemplateLinkBegin>
  <csvWfEventActionPair handler="wt.workflow.definer.LoadWorkflow.addEventActionPair">
    <csvevent>没人</csvevent>
    <csvaction>FIRE</csvaction>
  </csvWfEventActionPair>
  <csvWfNodeTemplateLinkEnd handler="wt.workflow.definer.LoadWorkflow.saveNodeTemplateLink"></csvWfNodeTemplateLinkEnd>
  <csvWfNodeTemplateLinkBegin handler="wt.workflow.definer.LoadWorkflow.createNodeTemplateLink">
    <csvsourceNode>wt.workflow.definer.WfAssignedActivityTemplate:1206470</csvsourceNode>
    <csvdestNode>wt.workflow.definer.WfConnectorTemplate:1206515</csvdestNode>
    <csvbackLoop>false</csvbackLoop>
  </csvWfNodeTemplateLinkBegin>
  <csvWfEventActionPair handler="wt.workflow.definer.LoadWorkflow.addEventActionPair">
    <csvevent>驳回</csvevent>
    <csvaction>FIRE</csvaction>
  </csvWfEventActionPair>
  <csvWfNodeTemplateLinkEnd handler="wt.workflow.definer.LoadWorkflow.saveNodeTemplateLink"></csvWfNodeTemplateLinkEnd>
  <csvWfNodeTemplateLinkBegin handler="wt.workflow.definer.LoadWorkflow.createNodeTemplateLink">
    <csvsourceNode>wt.workflow.definer.WfAssignedActivityTemplate:1206477</csvsourceNode>
    <csvdestNode>wt.workflow.definer.WfConnectorTemplate:1206515</csvdestNode>
    <csvbackLoop>false</csvbackLoop>
  </csvWfNodeTemplateLinkBegin>
  <csvWfEventActionPair handler="wt.workflow.definer.LoadWorkflow.addEventActionPair">
    <csvevent>驳回</csvevent>
    <csvaction>FIRE</csvaction>
  </csvWfEventActionPair>
  <csvWfNodeTemplateLinkEnd handler="wt.workflow.definer.LoadWorkflow.saveNodeTemplateLink"></csvWfNodeTemplateLinkEnd>
  <csvWfNodeTemplateLinkBegin handler="wt.workflow.definer.LoadWorkflow.createNodeTemplateLink">
    <csvsourceNode>wt.workflow.definer.WfConnectorTemplate:1206514</csvsourceNode>
    <csvdestNode>wt.workflow.definer.WfInternalMethodTemplate:1206506</csvdestNode>
    <csvbackLoop>false</csvbackLoop>
  </csvWfNodeTemplateLinkBegin>
  <csvWfEventActionPair handler="wt.workflow.definer.LoadWorkflow.addEventActionPair">
    <csvevent>FIRE</csvevent>
    <csvaction>START</csvaction>
  </csvWfEventActionPair>
  <csvWfNodeTemplateLinkEnd handler="wt.workflow.definer.LoadWorkflow.saveNodeTemplateLink"></csvWfNodeTemplateLinkEnd>
  <csvWfNodeTemplateLinkBegin handler="wt.workflow.definer.LoadWorkflow.createNodeTemplateLink">
    <csvsourceNode>wt.workflow.definer.WfConnectorTemplate:1206525</csvsourceNode>
    <csvdestNode>wt.workflow.definer.WfAssignedActivityTemplate:1206473</csvdestNode>
    <csvbackLoop>false</csvbackLoop>
  </csvWfNodeTemplateLinkBegin>
  <csvWfEventActionPair handler="wt.workflow.definer.LoadWorkflow.addEventActionPair">
    <csvevent>FIRE</csvevent>
    <csvaction>START</csvaction>
  </csvWfEventActionPair>
  <csvWfNodeTemplateLinkEnd handler="wt.workflow.definer.LoadWorkflow.saveNodeTemplateLink"></csvWfNodeTemplateLinkEnd>
  <csvWfNodeTemplateLinkBegin handler="wt.workflow.definer.LoadWorkflow.createNodeTemplateLink">
    <csvsourceNode>wt.workflow.definer.WfAssignedActivityTemplate:1206473</csvsourceNode>
    <csvdestNode>wt.workflow.definer.WfInternalMethodTemplate:1206504</csvdestNode>
    <csvbackLoop>false</csvbackLoop>
  </csvWfNodeTemplateLinkBegin>
  <csvWfEventActionPair handler="wt.workflow.definer.LoadWorkflow.addEventActionPair">
    <csvevent>提交</csvevent>
    <csvaction>START</csvaction>
  </csvWfEventActionPair>
  <csvWfNodeTemplateLinkEnd handler="wt.workflow.definer.LoadWorkflow.saveNodeTemplateLink"></csvWfNodeTemplateLinkEnd>
  <csvWfNodeTemplateLinkBegin handler="wt.workflow.definer.LoadWorkflow.createNodeTemplateLink">
    <csvsourceNode>wt.workflow.definer.WfConnectorTemplate:1206512</csvsourceNode>
    <csvdestNode>wt.workflow.definer.WfAssignedActivityTemplate:1206470</csvdestNode>
    <csvbackLoop>false</csvbackLoop>
  </csvWfNodeTemplateLinkBegin>
  <csvWfEventActionPair handler="wt.workflow.definer.LoadWorkflow.addEventActionPair">
    <csvevent>有人</csvevent>
    <csvaction>START</csvaction>
  </csvWfEventActionPair>
  <csvWfNodeTemplateLinkEnd handler="wt.workflow.definer.LoadWorkflow.saveNodeTemplateLink"></csvWfNodeTemplateLinkEnd>
  <csvWfNodeTemplateLinkBegin handler="wt.workflow.definer.LoadWorkflow.createNodeTemplateLink">
    <csvsourceNode>wt.workflow.definer.WfAssignedActivityTemplate:1206466</csvsourceNode>
    <csvdestNode>wt.workflow.definer.WfInternalMethodTemplate:1206504</csvdestNode>
    <csvbackLoop>false</csvbackLoop>
  </csvWfNodeTemplateLinkBegin>
  <csvWfEventActionPair handler="wt.workflow.definer.LoadWorkflow.addEventActionPair">
    <csvevent>提交</csvevent>
    <csvaction>START</csvaction>
  </csvWfEventActionPair>
  <csvWfNodeTemplateLinkEnd handler="wt.workflow.definer.LoadWorkflow.saveNodeTemplateLink"></csvWfNodeTemplateLinkEnd>
  <csvWfNodeTemplateLinkBegin handler="wt.workflow.definer.LoadWorkflow.createNodeTemplateLink">
    <csvsourceNode>wt.workflow.definer.WfAssignedActivityTemplate:1206466</csvsourceNode>
    <csvdestNode>wt.workflow.definer.WfConnectorTemplate:1206516</csvdestNode>
    <csvbackLoop>false</csvbackLoop>
  </csvWfNodeTemplateLinkBegin>
  <csvWfEventActionPair handler="wt.workflow.definer.LoadWorkflow.addEventActionPair">
    <csvevent>取消</csvevent>
    <csvaction>FIRE</csvaction>
  </csvWfEventActionPair>
  <csvWfNodeTemplateLinkEnd handler="wt.workflow.definer.LoadWorkflow.saveNodeTemplateLink"></csvWfNodeTemplateLinkEnd>
  <csvWfNodeTemplateLinkBegin handler="wt.workflow.definer.LoadWorkflow.createNodeTemplateLink">
    <csvsourceNode>wt.workflow.definer.WfAssignedActivityTemplate:1206473</csvsourceNode>
    <csvdestNode>wt.workflow.definer.WfConnectorTemplate:1206516</csvdestNode>
    <csvbackLoop>false</csvbackLoop>
  </csvWfNodeTemplateLinkBegin>
  <csvWfEventActionPair handler="wt.workflow.definer.LoadWorkflow.addEventActionPair">
    <csvevent>取消</csvevent>
    <csvaction>FIRE</csvaction>
  </csvWfEventActionPair>
  <csvWfNodeTemplateLinkEnd handler="wt.workflow.definer.LoadWorkflow.saveNodeTemplateLink"></csvWfNodeTemplateLinkEnd>
  <csvWfNodeTemplateLinkBegin handler="wt.workflow.definer.LoadWorkflow.createNodeTemplateLink">
    <csvsourceNode>wt.workflow.definer.WfConnectorTemplate:1206516</csvsourceNode>
    <csvdestNode>wt.workflow.definer.WfInternalMethodTemplate:1206508</csvdestNode>
    <csvbackLoop>false</csvbackLoop>
  </csvWfNodeTemplateLinkBegin>
  <csvWfEventActionPair handler="wt.workflow.definer.LoadWorkflow.addEventActionPair">
    <csvevent>FIRE</csvevent>
    <csvaction>START</csvaction>
  </csvWfEventActionPair>
  <csvWfNodeTemplateLinkEnd handler="wt.workflow.definer.LoadWorkflow.saveNodeTemplateLink"></csvWfNodeTemplateLinkEnd>
  <csvWfNodeTemplateLinkBegin handler="wt.workflow.definer.LoadWorkflow.createNodeTemplateLink">
    <csvsourceNode>wt.workflow.definer.WfConnectorTemplate:1206510</csvsourceNode>
    <csvdestNode>wt.workflow.definer.WfAssignedActivityTemplate:1206477</csvdestNode>
    <csvbackLoop>false</csvbackLoop>
  </csvWfNodeTemplateLinkBegin>
  <csvWfEventActionPair handler="wt.workflow.definer.LoadWorkflow.addEventActionPair">
    <csvevent>有人</csvevent>
    <csvaction>START</csvaction>
  </csvWfEventActionPair>
  <csvWfNodeTemplateLinkEnd handler="wt.workflow.definer.LoadWorkflow.saveNodeTemplateLink"></csvWfNodeTemplateLinkEnd>
  <csvWfNodeTemplateLinkBegin handler="wt.workflow.definer.LoadWorkflow.createNodeTemplateLink">
    <csvsourceNode>wt.workflow.definer.WfExprRobotTemplate:1206486</csvsourceNode>
    <csvdestNode>wt.workflow.definer.WfConnectorTemplate:1206518</csvdestNode>
    <csvbackLoop>false</csvbackLoop>
  </csvWfNodeTemplateLinkBegin>
  <csvWfEventActionPair handler="wt.workflow.definer.LoadWorkflow.addEventActionPair">
    <csvevent>COMPLETE</csvevent>
    <csvaction>FIRE</csvaction>
  </csvWfEventActionPair>
  <csvWfNodeTemplateLinkEnd handler="wt.workflow.definer.LoadWorkflow.saveNodeTemplateLink"></csvWfNodeTemplateLinkEnd>
  <csvWfNodeTemplateLinkBegin handler="wt.workflow.definer.LoadWorkflow.createNodeTemplateLink">
    <csvsourceNode>wt.workflow.definer.WfConnectorTemplate:1206518</csvsourceNode>
    <csvdestNode>wt.workflow.definer.WfAssignedActivityTemplate:1206464</csvdestNode>
    <csvbackLoop>false</csvbackLoop>
  </csvWfNodeTemplateLinkBegin>
  <csvWfEventActionPair handler="wt.workflow.definer.LoadWorkflow.addEventActionPair">
    <csvevent>有人</csvevent>
    <csvaction>START</csvaction>
  </csvWfEventActionPair>
  <csvWfNodeTemplateLinkEnd handler="wt.workflow.definer.LoadWorkflow.saveNodeTemplateLink"></csvWfNodeTemplateLinkEnd>
  <csvWfNodeTemplateLinkBegin handler="wt.workflow.definer.LoadWorkflow.createNodeTemplateLink">
    <csvsourceNode>wt.workflow.definer.WfAssignedActivityTemplate:1206464</csvsourceNode>
    <csvdestNode>wt.workflow.definer.WfExprRobotTemplate:1206483</csvdestNode>
    <csvbackLoop>false</csvbackLoop>
  </csvWfNodeTemplateLinkBegin>
  <csvWfEventActionPair handler="wt.workflow.definer.LoadWorkflow.addEventActionPair">
    <csvevent>通过</csvevent>
    <csvaction>START</csvaction>
  </csvWfEventActionPair>
  <csvWfNodeTemplateLinkEnd handler="wt.workflow.definer.LoadWorkflow.saveNodeTemplateLink"></csvWfNodeTemplateLinkEnd>
  <csvWfNodeTemplateLinkBegin handler="wt.workflow.definer.LoadWorkflow.createNodeTemplateLink">
    <csvsourceNode>wt.workflow.definer.WfAssignedActivityTemplate:1206464</csvsourceNode>
    <csvdestNode>wt.workflow.definer.WfConnectorTemplate:1206515</csvdestNode>
    <csvbackLoop>false</csvbackLoop>
  </csvWfNodeTemplateLinkBegin>
  <csvWfEventActionPair handler="wt.workflow.definer.LoadWorkflow.addEventActionPair">
    <csvevent>驳回</csvevent>
    <csvaction>FIRE</csvaction>
  </csvWfEventActionPair>
  <csvWfNodeTemplateLinkEnd handler="wt.workflow.definer.LoadWorkflow.saveNodeTemplateLink"></csvWfNodeTemplateLinkEnd>
  <csvWfNodeTemplateLinkBegin handler="wt.workflow.definer.LoadWorkflow.createNodeTemplateLink">
    <csvsourceNode>wt.workflow.definer.WfExprRobotTemplate:1206483</csvsourceNode>
    <csvdestNode>wt.workflow.definer.WfConnectorTemplate:1206520</csvdestNode>
    <csvbackLoop>false</csvbackLoop>
  </csvWfNodeTemplateLinkBegin>
  <csvWfEventActionPair handler="wt.workflow.definer.LoadWorkflow.addEventActionPair">
    <csvevent>COMPLETE</csvevent>
    <csvaction>FIRE</csvaction>
  </csvWfEventActionPair>
  <csvWfNodeTemplateLinkEnd handler="wt.workflow.definer.LoadWorkflow.saveNodeTemplateLink"></csvWfNodeTemplateLinkEnd>
  <csvWfNodeTemplateLinkBegin handler="wt.workflow.definer.LoadWorkflow.createNodeTemplateLink">
    <csvsourceNode>wt.workflow.definer.WfInternalMethodTemplate:1206504</csvsourceNode>
    <csvdestNode>wt.workflow.definer.WfExprRobotTemplate:1206486</csvdestNode>
    <csvbackLoop>false</csvbackLoop>
  </csvWfNodeTemplateLinkBegin>
  <csvWfEventActionPair handler="wt.workflow.definer.LoadWorkflow.addEventActionPair">
    <csvevent>COMPLETE</csvevent>
    <csvaction>START</csvaction>
  </csvWfEventActionPair>
  <csvWfNodeTemplateLinkEnd handler="wt.workflow.definer.LoadWorkflow.saveNodeTemplateLink"></csvWfNodeTemplateLinkEnd>
  <csvWfNodeTemplateLinkBegin handler="wt.workflow.definer.LoadWorkflow.createNodeTemplateLink">
    <csvsourceNode>wt.workflow.definer.WfConnectorTemplate:1206515</csvsourceNode>
    <csvdestNode>wt.workflow.definer.WfExprRobotTemplate:1206501</csvdestNode>
    <csvbackLoop>true</csvbackLoop>
  </csvWfNodeTemplateLinkBegin>
  <csvWfEventActionPair handler="wt.workflow.definer.LoadWorkflow.addEventActionPair">
    <csvevent>FIRE</csvevent>
    <csvaction>START</csvaction>
  </csvWfEventActionPair>
  <csvWfNodeTemplateLinkEnd handler="wt.workflow.definer.LoadWorkflow.saveNodeTemplateLink"></csvWfNodeTemplateLinkEnd>
  <csvWfNodeTemplateLinkBegin handler="wt.workflow.definer.LoadWorkflow.createNodeTemplateLink">
    <csvsourceNode>wt.workflow.definer.WfExprRobotTemplate:1206501</csvsourceNode>
    <csvdestNode>wt.workflow.definer.WfAssignedActivityTemplate:1206466</csvdestNode>
    <csvbackLoop>false</csvbackLoop>
  </csvWfNodeTemplateLinkBegin>
  <csvWfEventActionPair handler="wt.workflow.definer.LoadWorkflow.addEventActionPair">
    <csvevent>COMPLETE</csvevent>
    <csvaction>START</csvaction>
  </csvWfEventActionPair>
  <csvWfNodeTemplateLinkEnd handler="wt.workflow.definer.LoadWorkflow.saveNodeTemplateLink"></csvWfNodeTemplateLinkEnd>
  <csvWfProcessTemplateEnd handler="wt.workflow.definer.LoadWorkflow.saveProcessTemplate"></csvWfProcessTemplateEnd>
</NmLoader>